Description,Drivetrain,Manufacturer,ModelNumber,ModelYear,Package,PassDoors,StyleID,Style_ID,TrimName
Essential Ivt,FRONT_WHEEL_DRIVE,HYUNDAI,ELCS4V2BES00,2024,Essential,4,449710,4dr Car,IVT
Preferred Ivt,FRONT_WHEEL_DRIVE,HYUNDAI,ELCS4V2BPR00,2024,Preferred,4,449711,4dr Car,IVT
Preferred Ivt W/tech Package,FRONT_WHEEL_DRIVE,HYUNDAI,ELCS4V2BPRTE,2024,Preferred,4,449712,4dr Car,IVT w/Tech Pkg
Luxury Ivt,FRONT_WHEEL_DRIVE,HYUNDAI,ELCS4V2BLU00,2024,Luxury,4,449713,4dr Car,IVT
Luxury Ivt W/two-Tone Interior,FRONT_WHEEL_DRIVE,HYUNDAI,ELCS4V2BLUME,2024,Luxury,4,449714,4dr Car,IVT w/Two-Tone Interior
N-Line Ultimate Dct,FRONT_WHEEL_DRIVE,HYUNDAI,ELCS4U1ANLUL,2024,N Line Ultimate,4,449715,4dr Car,DCT
Luxury Dct,FRONT_WHEEL_DRIVE,HYUNDAI,ELHS4T1BLUHE,2024,Luxury,4,449812,4dr Car,DCT
Luxury Dct W/two-Tone Interior,FRONT_WHEEL_DRIVE,HYUNDAI,ELHS4T1BLUHM,2024,Luxury,4,449813,4dr Car,DCT w/Two-Tone Interior
Manual,FRONT_WHEEL_DRIVE,HYUNDAI,ELCS472ANN00,2024,,4,456372,4dr Car,Manual
Dct,FRONT_WHEEL_DRIVE,HYUNDAI,ELCS4M2ANN00,2024,,4,456373,4dr Car,DCT
Preferred Rwd Long Range,REAR_WHEEL_DRIVE,HYUNDAI,I5EW5ZE4PRLR,2024,Preferred,4,449830,Sport Utility,RWD Long Range
Preferred Awd Long Range,ALL_WHEEL_DRIVE,HYUNDAI,I5EW5ZE2PRLR,2024,Preferred,4,449831,Sport Utility,AWD Long Range
Preferred Awd Long Range W/ultimate Package,ALL_WHEEL_DRIVE,HYUNDAI,I5EW5ZE2PRUP,2024,Preferred,4,449832,Sport Utility,AWD Long Range w/Ultimate Pkg
Preferred Awd Long Range W/luxury Package *ltd Avail*,ALL_WHEEL_DRIVE,HYUNDAI,I5EW5ZE2PRLP,2024,Preferred,4,449833,Sport Utility,AWD Long Range w/Luxury Pkg
Preferred Rwd Long Range,REAR_WHEEL_DRIVE,HYUNDAI,I6ES4ZE4PRLR,2024,Preferred,4,449183,4dr Car,RWD Long Range
Preferred Awd Long Range,ALL_WHEEL_DRIVE,HYUNDAI,I6ES4ZE2PRLR,2024,Preferred,4,449184,4dr Car,AWD Long Range
Preferred Awd Long Range W/ultimate Package,ALL_WHEEL_DRIVE,HYUNDAI,I6ES4ZE2PRUP,2024,Preferred,4,449185,4dr Car,AWD Long Range w/Ultimate Pkg
Preferred Rwd Long Range W/ultimate Package,REAR_WHEEL_DRIVE,HYUNDAI,I6ES4ZE4PRUP,2024,Preferred,4,449186,4dr Car,RWD Long Range w/Ultimate Pkg
2.0l Essential Fwd,FRONT_WHEEL_DRIVE,HYUNDAI,KOCW5V2BES00,2024,Essential,4,446865,Sport Utility,2.0L FWD
2.0l Preferred Fwd,FRONT_WHEEL_DRIVE,HYUNDAI,KOCW5V2BPR00,2024,Preferred,4,446866,Sport Utility,2.0L FWD
2.0l Essential Awd,ALL_WHEEL_DRIVE,HYUNDAI,KOCW5Q2BES00,2024,Essential,4,446867,Sport Utility,2.0L AWD
2.0l Preferred Awd,ALL_WHEEL_DRIVE,HYUNDAI,KOCW5Q2BPR00,2024,Preferred,4,446868,Sport Utility,2.0L AWD
2.0l Preferred Awd W/trend Package,ALL_WHEEL_DRIVE,HYUNDAI,KOCW5Q2BPRTR,2024,Preferred,4,446869,Sport Utility,2.0L AWD w/Trend Package
1.6t N-Line Awd,ALL_WHEEL_DRIVE,HYUNDAI,KOCW5K1ANL00,2024,N Line,4,446870,Sport Utility,1.6T AWD
1.6t N-Line Awd W/two-Tone Roof,ALL_WHEEL_DRIVE,HYUNDAI,KOCW5K1ANLTT,2024,N Line,4,446871,Sport Utility,1.6T AWD w/Two-Tone Roof
1.6t N-Line Ultimate Awd,ALL_WHEEL_DRIVE,HYUNDAI,KOCW5K1ANLUL,2024,N Line Ultimate,4,446872,Sport Utility,1.6T AWD
1.6t N-Line Ultimate Awd W/two-Tone Roof,ALL_WHEEL_DRIVE,HYUNDAI,KOCW5K1ANLBA,2024,N Line Ultimate,4,446887,Sport Utility,1.6T AWD w/Two-Tone Roof
Preferred Fwd,FRONT_WHEEL_DRIVE,HYUNDAI,KEEW5ZE4PR00,2024,Preferred,4,451911,Sport Utility,FWD
Ultimate Fwd,FRONT_WHEEL_DRIVE,HYUNDAI,KEEW5ZE4UL00,2024,Ultimate,4,451912,Sport Utility,FWD
Ultimate Fwd W/two-Tone Interior,FRONT_WHEEL_DRIVE,HYUNDAI,KEEW5ZE4ULTT,2024,Ultimate,4,451913,Sport Utility,FWD w/Two-Tone Interior
Ultimate Fwd W/sage-Green Interior,FRONT_WHEEL_DRIVE,HYUNDAI,KEEW5ZE4ULBF,2024,Ultimate,4,451914,Sport Utility,FWD w/Sage-Green Interior
Preferred Fwd,FRONT_WHEEL_DRIVE,HYUNDAI,NXFW5ZH1PR00,2024,Preferred,4,452614,Sport Utility,FWD
Ultimate Fwd,FRONT_WHEEL_DRIVE,HYUNDAI,NXFW5ZH1UL00,2024,Ultimate,4,452615,Sport Utility,FWD
Preferred 8-Passenger Awd,ALL_WHEEL_DRIVE,HYUNDAI,PACW8K3DPR00,2024,Preferred,4,443076,Sport Utility,8-Passenger AWD
Urban 8-Passenger Awd,ALL_WHEEL_DRIVE,HYUNDAI,PACW8K3DUR00,2024,Urban,4,443077,Sport Utility,8-Passenger AWD
Urban 7-Passenger Awd,ALL_WHEEL_DRIVE,HYUNDAI,PACW7K3DUR91,2024,Urban,4,443078,Sport Utility,7-Passenger AWD
Ultimate Calligraphy 7-Passenger Awd,ALL_WHEEL_DRIVE,HYUNDAI,PACW7K3DULC7,2024,Ultimate Calligraphy,4,443079,Sport Utility,7-Passenger AWD
Ultimate Calligraphy W/beige 7-Passenger Awd,ALL_WHEEL_DRIVE,HYUNDAI,PACW7K3DULCB,2024,Ultimate Calligraphy,4,443080,Sport Utility,7-Passenger AWD w/Beige
Preferred Awd *ltd Avail*,ALL_WHEEL_DRIVE,HYUNDAI,SZCP5N2DPR00,2024,Preferred,4,445090,Crew Cab Pickup,AWD
Trend Awd *ltd Avail*,ALL_WHEEL_DRIVE,HYUNDAI,SZCP5N2DPRTR,2024,Trend,4,445091,Crew Cab Pickup,AWD
Ultimate Awd *ltd Avail*,ALL_WHEEL_DRIVE,HYUNDAI,SZCP5N2DUL00,2024,Ultimate,4,445092,Crew Cab Pickup,AWD
Ultimate Awd W/colour Package *ltd Avail*,ALL_WHEEL_DRIVE,HYUNDAI,SZCP5N2DUL95,2024,Ultimate,4,445093,Crew Cab Pickup,AWD w/Colour Pkg
Preferred Awd,ALL_WHEEL_DRIVE,HYUNDAI,SZCP5N2DPRBB,2024,Preferred,4,452018,Crew Cab Pickup,AWD
Trend Awd,ALL_WHEEL_DRIVE,HYUNDAI,SZCP5N2DPRBC,2024,Trend,4,452019,Crew Cab Pickup,AWD
Ultimate Awd,ALL_WHEEL_DRIVE,HYUNDAI,SZCP5N2DULBB,2024,Ultimate,4,452020,Crew Cab Pickup,AWD
Ultimate Awd W/colour Package,ALL_WHEEL_DRIVE,HYUNDAI,SZCP5N2DULBD,2024,Ultimate,4,452021,Crew Cab Pickup,AWD w/Colour Pkg
Ultimate Calligraphy Awd,ALL_WHEEL_DRIVE,HYUNDAI,SACW6N2DULBG,2024,Ultimate Calligraphy,4,454772,Sport Utility,AWD
Xrt Awd,ALL_WHEEL_DRIVE,HYUNDAI,SACW7N2DXR00,2024,XRT,4,454773,Sport Utility,AWD
Luxury Awd,ALL_WHEEL_DRIVE,HYUNDAI,SACW7N2DLU00,2024,Luxury,4,454774,Sport Utility,AWD
Ultimate Calligraphy Awd W/beige Interior,ALL_WHEEL_DRIVE,HYUNDAI,SACW6N2DULBH,2024,Ultimate Calligraphy,4,454775,Sport Utility,AWD w/Beige Interior
Preferred Awd,ALL_WHEEL_DRIVE,HYUNDAI,SAHW7G1APRHE,2024,Preferred,4,454776,Sport Utility,AWD
Preferred Awd W/trend Package,ALL_WHEEL_DRIVE,HYUNDAI,SAHW7G1APRTH,2024,Preferred,4,454777,Sport Utility,AWD w/Trend Pkg
Ultimate Calligraphy Nhl Special Edition Awd,ALL_WHEEL_DRIVE,HYUNDAI,SAHW6G1AULCS,2024,Ultimate Calligraphy NHL Special Edition,4,458472,Sport Utility,AWD
2.5l Preferred-Trend Fwd,FRONT_WHEEL_DRIVE,HYUNDAI,SOCS4J2EPRTR,2024,Preferred-Trend,4,452616,4dr Car,2.5L FWD
2.5t N-Line Ultimate Fwd,FRONT_WHEEL_DRIVE,HYUNDAI,SOCS4M2DNL00,2024,N Line Ultimate,4,452617,4dr Car,2.5T FWD
2.5l Preferred-Trend Awd,ALL_WHEEL_DRIVE,HYUNDAI,SOCS4K2EPRTR,2024,Preferred-Trend,4,452618,4dr Car,2.5L AWD
Preferred Awd,ALL_WHEEL_DRIVE,HYUNDAI,TUCWDK2EPR00,2024,Preferred,4,446281,Sport Utility,AWD
Trend Awd,ALL_WHEEL_DRIVE,HYUNDAI,TUCWDK2EPRTR,2024,Trend,4,446282,Sport Utility,AWD
Luxury Awd,ALL_WHEEL_DRIVE,HYUNDAI,TUHWDG1ALUHE,2024,Luxury,4,446278,Sport Utility,AWD
Ultimate Awd,ALL_WHEEL_DRIVE,HYUNDAI,TUHWDG1AULHE,2024,Ultimate,4,446279,Sport Utility,AWD
N-Line Awd,ALL_WHEEL_DRIVE,HYUNDAI,TUHWDG1ANLHE,2024,N-Line,4,446280,Sport Utility,AWD
Ultimate Awd,ALL_WHEEL_DRIVE,HYUNDAI,TUPWDG1AULPH,2024,Ultimate,4,446277,Sport Utility,AWD
Essential Ivt,FRONT_WHEEL_DRIVE,HYUNDAI,VNCW5V1FES00,2024,Essential,4,449815,Sport Utility,IVT
Essential Ivt W/two-Tone,FRONT_WHEEL_DRIVE,HYUNDAI,VNCW5V1FESTT,2024,Essential,4,449816,Sport Utility,IVT w/Two-Tone
Preferred Ivt,FRONT_WHEEL_DRIVE,HYUNDAI,VNCW5V1FPR00,2024,Preferred,4,449817,Sport Utility,IVT
Preferred Ivt W/two-Tone,FRONT_WHEEL_DRIVE,HYUNDAI,VNCW5V1FPRTT,2024,Preferred,4,449818,Sport Utility,IVT w/Two-Tone
Ultimate Ivt W/black Interior,FRONT_WHEEL_DRIVE,HYUNDAI,VNCW5V1FUL00,2024,Ultimate,4,449819,Sport Utility,IVT w/Black Interior
Ultimate Ivt W/denim Interior,FRONT_WHEEL_DRIVE,HYUNDAI,VNCW5V1FULCP,2024,Ultimate,4,449820,Sport Utility,IVT w/Denim Interior
Essential Ivt,FRONT_WHEEL_DRIVE,HYUNDAI,ELCS4V2BES00,2025,Essential,4,462584,4dr Car,IVT
Preferred Ivt,FRONT_WHEEL_DRIVE,HYUNDAI,ELCS4V2BPR00,2025,Preferred,4,462585,4dr Car,IVT
Preferred Ivt W/tech Package,FRONT_WHEEL_DRIVE,HYUNDAI,ELCS4V2BPRTE,2025,Preferred,4,462586,4dr Car,IVT w/Tech Pkg
Luxury Ivt,FRONT_WHEEL_DRIVE,HYUNDAI,ELCS4V2BLU00,2025,Luxury,4,462587,4dr Car,IVT
Luxury Ivt W/two-Tone Interior,FRONT_WHEEL_DRIVE,HYUNDAI,ELCS4V2BLUME,2025,Luxury,4,462588,4dr Car,IVT w/Two-Tone Interior
N-Line Ultimate Dct,FRONT_WHEEL_DRIVE,HYUNDAI,ELCS4U1ANLUL,2025,N Line Ultimate,4,462589,4dr Car,DCT
Luxury Dct,FRONT_WHEEL_DRIVE,HYUNDAI,ELHS4T1BLUHE,2025,Luxury,4,462706,4dr Car,DCT
Luxury Dct W/two-Tone Interior,FRONT_WHEEL_DRIVE,HYUNDAI,ELHS4T1BLUHM,2025,Luxury,4,462707,4dr Car,DCT w/Two-Tone Interior
Manual,FRONT_WHEEL_DRIVE,HYUNDAI,ELCS472ANN00,2025,,4,462700,4dr Car,Manual
Dct,FRONT_WHEEL_DRIVE,HYUNDAI,ELCS4M2ANN00,2025,,4,462701,4dr Car,DCT
Preferred Rwd Long Range,REAR_WHEEL_DRIVE,HYUNDAI,I5EW5ZE4PRLR,2025,Preferred,4,469170,Sport Utility,RWD Long Range
Preferred Awd Long Range,ALL_WHEEL_DRIVE,HYUNDAI,I5EW5ZE2PRLR,2025,Preferred,4,469171,Sport Utility,AWD Long Range
Preferred Awd Long Range W/ultimate Package,ALL_WHEEL_DRIVE,HYUNDAI,I5EW5ZE2PRUP,2025,Preferred,4,469172,Sport Utility,AWD Long Range w/Ultimate Pkg
Preferred Rwd Standard Range,REAR_WHEEL_DRIVE,HYUNDAI,I5EW5ZE4PRPR,2025,Preferred,4,469173,Sport Utility,RWD Standard Range
Awd,ALL_WHEEL_DRIVE,HYUNDAI,I5EW5ZE3NN00,2025,,4,456472,Sport Utility,AWD
Preferred Rwd Long Range,REAR_WHEEL_DRIVE,HYUNDAI,I6ES4ZE4PRLR,2025,Preferred,4,462828,4dr Car,RWD Long Range
Preferred Awd Long Range,ALL_WHEEL_DRIVE,HYUNDAI,I6ES4ZE2PRLR,2025,Preferred,4,462829,4dr Car,AWD Long Range
Preferred Awd Long Range W/ultimate Package,ALL_WHEEL_DRIVE,HYUNDAI,I6ES4ZE2PRUP,2025,Preferred,4,462830,4dr Car,AWD Long Range w/Ultimate Pkg
2.0l Essential Fwd,FRONT_WHEEL_DRIVE,HYUNDAI,KOCW5V2BES00,2025,Essential,4,461888,Sport Utility,2.0L FWD
2.0l Preferred Fwd,FRONT_WHEEL_DRIVE,HYUNDAI,KOCW5V2BPR00,2025,Preferred,4,461889,Sport Utility,2.0L FWD
2.0l Essential Awd,ALL_WHEEL_DRIVE,HYUNDAI,KOCW5Q2BES00,2025,Essential,4,461890,Sport Utility,2.0L AWD
2.0l Preferred Awd,ALL_WHEEL_DRIVE,HYUNDAI,KOCW5Q2BPR00,2025,Preferred,4,461891,Sport Utility,2.0L AWD
2.0l Preferred Awd W/trend Package,ALL_WHEEL_DRIVE,HYUNDAI,KOCW5Q2BPRTR,2025,Preferred,4,461892,Sport Utility,2.0L AWD w/Trend Package
1.6t N-Line Awd,ALL_WHEEL_DRIVE,HYUNDAI,KOCW5K1ANL00,2025,N Line,4,461893,Sport Utility,1.6T AWD
1.6t N-Line Awd W/two-Tone Roof,ALL_WHEEL_DRIVE,HYUNDAI,KOCW5K1ANLTT,2025,N Line,4,461894,Sport Utility,1.6T AWD w/Two-Tone Roof
1.6t N-Line Ultimate Awd,ALL_WHEEL_DRIVE,HYUNDAI,KOCW5K1ANLUL,2025,N Line Ultimate,4,461895,Sport Utility,1.6T AWD
1.6t N-Line Ultimate Awd W/two-Tone Roof,ALL_WHEEL_DRIVE,HYUNDAI,KOCW5K1ANLBA,2025,N Line Ultimate,4,461896,Sport Utility,1.6T AWD w/Two-Tone Roof
1.6t Preferred Sport Awd,ALL_WHEEL_DRIVE,HYUNDAI,KOCW5K1APRSP,2025,Preferred Sport,4,461897,Sport Utility,1.6T AWD
Preferred Fwd,FRONT_WHEEL_DRIVE,HYUNDAI,KEEW5ZE4PR00,2025,Preferred,4,461932,Sport Utility,FWD
Ultimate Fwd *ltd Avail*,FRONT_WHEEL_DRIVE,HYUNDAI,KE2SEFEME400,2025,Ultimate,4,461933,Sport Utility,FWD
Ultimate Fwd W/two-Tone Interior *ltd Avail*,FRONT_WHEEL_DRIVE,HYUNDAI,KE2SEFEME466,2025,Ultimate w/Two-Tone Interior,4,461934,Sport Utility,FWD
Ultimate Fwd W/sage-Green Interior *ltd Avail*,FRONT_WHEEL_DRIVE,HYUNDAI,KE2SEFEME4BF,2025,Ultimate w/Sage-Green Interior,4,461935,Sport Utility,FWD
Preferred Fwd W/trend Package,FRONT_WHEEL_DRIVE,HYUNDAI,KEEW5ZE4PRTR,2025,Preferred w/Trend Package,4,461936,Sport Utility,FWD
N-Line Ultimate Fwd *ltd Avail*,FRONT_WHEEL_DRIVE,HYUNDAI,KE2SEFEMEO20,2025,N Line Ultimate,4,461937,Sport Utility,FWD
Preferred Fwd W/ultimate Package,FRONT_WHEEL_DRIVE,HYUNDAI,KEEW5ZE4PRUP,2025,Preferred w/Ultimate Package,4,462604,Sport Utility,FWD
Preferred Fwd W/ultimate Package Two-Tone,FRONT_WHEEL_DRIVE,HYUNDAI,KEEW5ZE4PRUT,2025,Preferred w/Ultimate Package Two-Tone,4,462605,Sport Utility,FWD
Preferred Fwd W/ultimate Package Green Interior,FRONT_WHEEL_DRIVE,HYUNDAI,KEEW5ZE4PRUG,2025,Preferred w/Ultimate Package Green Interior,4,462606,Sport Utility,FWD
Preferred Fwd W/n-Line Ultimate Package,FRONT_WHEEL_DRIVE,HYUNDAI,KEEW5ZE4PRNU,2025,Preferred w/N Line Ultimate Package,4,462607,Sport Utility,FWD
Preferred Fwd,FRONT_WHEEL_DRIVE,HYUNDAI,NXFW5ZH1PR00,2025,Preferred,4,464373,Sport Utility,FWD
Ultimate Fwd,FRONT_WHEEL_DRIVE,HYUNDAI,NXFW5ZH1UL00,2025,Ultimate,4,464374,Sport Utility,FWD
Urban 8-Passenger Awd,ALL_WHEEL_DRIVE,HYUNDAI,PACW8K3DUR00,2025,Urban,4,456016,Sport Utility,8-Passenger AWD
Urban 7-Passenger Awd,ALL_WHEEL_DRIVE,HYUNDAI,PACW7K3DUR91,2025,Urban,4,456017,Sport Utility,7-Passenger AWD
Ultimate Calligraphy 7-Passenger Awd,ALL_WHEEL_DRIVE,HYUNDAI,PACW7K3DULC7,2025,Ultimate Calligraphy,4,456018,Sport Utility,7-Passenger AWD
Ultimate Calligraphy W/beige 7-Passenger Awd,ALL_WHEEL_DRIVE,HYUNDAI,PACW7K3DULCB,2025,Ultimate Calligraphy,4,456019,Sport Utility,7-Passenger AWD w/Beige
Ultimate Calligraphy Night 7-Passenger Awd,ALL_WHEEL_DRIVE,HYUNDAI,PACW7K3DULCN,2025,Ultimate Calligraphy Night,4,456020,Sport Utility,7-Passenger AWD
Preferred 8-Passenger Awd,ALL_WHEEL_DRIVE,HYUNDAI,PACW8K3DPR00,2025,Preferred,4,460576,Sport Utility,8-Passenger AWD
Preferred Awd,ALL_WHEEL_DRIVE,HYUNDAI,SZCP5N2DPR00,2025,Preferred,4,463873,Crew Cab Pickup,AWD
Ultimate Awd,ALL_WHEEL_DRIVE,HYUNDAI,SZCP5N2DUL00,2025,Ultimate,4,463874,Crew Cab Pickup,AWD
Ultimate Awd W/colour Package,ALL_WHEEL_DRIVE,HYUNDAI,SZCP5N2DUL95,2025,Ultimate,4,463875,Crew Cab Pickup,AWD w/Colour Pkg
Xrt Awd,ALL_WHEEL_DRIVE,HYUNDAI,SZCP5N2DXR00,2025,XRT,4,463876,Crew Cab Pickup,AWD
Xrt Awd,ALL_WHEEL_DRIVE,HYUNDAI,SACW7N2DXR00,2025,XRT,4,463285,Sport Utility,AWD
Luxury Awd,ALL_WHEEL_DRIVE,HYUNDAI,SACW7N2DLU00,2025,Luxury,4,463286,Sport Utility,AWD
Ultimate Calligraphy Awd,ALL_WHEEL_DRIVE,HYUNDAI,SACW6N2DULBG,2025,Ultimate Calligraphy,4,463287,Sport Utility,AWD
Ultimate Calligraphy Awd W/beige Interior,ALL_WHEEL_DRIVE,HYUNDAI,SACW6N2DULBH,2025,Ultimate Calligraphy,4,463288,Sport Utility,AWD w/Beige Interior
Preferred Awd,ALL_WHEEL_DRIVE,HYUNDAI,SAHW7G1APRHE,2025,Preferred,4,463289,Sport Utility,AWD
Preferred Awd W/trend Package,ALL_WHEEL_DRIVE,HYUNDAI,SAHW7G1APRTH,2025,Preferred,4,463290,Sport Utility,AWD w/Trend Pkg
2.5l Preferred-Trend Fwd,FRONT_WHEEL_DRIVE,HYUNDAI,SOCS4J2EPRTR,2025,Preferred-Trend,4,464084,4dr Car,2.5L FWD
2.5t N-Line Ultimate Fwd,FRONT_WHEEL_DRIVE,HYUNDAI,SOCS4M2DNL00,2025,N Line Ultimate,4,464085,4dr Car,2.5T FWD
2.5l Preferred-Trend Awd,ALL_WHEEL_DRIVE,HYUNDAI,SOCS4K2EPRTR,2025,Preferred-Trend,4,464086,4dr Car,2.5L AWD
Preferred Awd,ALL_WHEEL_DRIVE,HYUNDAI,TUCWDK2EPR00,2025,Preferred,4,461913,Sport Utility,AWD
Preferred Awd W/trend Package,ALL_WHEEL_DRIVE,HYUNDAI,TUCWDK2EPRTR,2025,Preferred,4,461914,Sport Utility,AWD w/Trend Pkg
Xrt Awd,ALL_WHEEL_DRIVE,HYUNDAI,TUCWDK2EXR00,2025,XRT,4,461915,Sport Utility,AWD
Preferred Awd,ALL_WHEEL_DRIVE,HYUNDAI,TUCWDK2EPM00,2025,Preferred,4,478234,Sport Utility,AWD
Preferred Awd W/trend Package,ALL_WHEEL_DRIVE,HYUNDAI,TUCWDK2EPMTM,2025,Preferred,4,478235,Sport Utility,AWD w/Trend Pkg
N-Line Awd,ALL_WHEEL_DRIVE,HYUNDAI,TUHWDG1ANLHE,2025,N-Line,4,461941,Sport Utility,AWD
Ultimate Awd,ALL_WHEEL_DRIVE,HYUNDAI,TUHWDG1AULHE,2025,Ultimate,4,461942,Sport Utility,AWD
Ultimate Awd,ALL_WHEEL_DRIVE,HYUNDAI,TUPWDG1AULPH,2025,Ultimate,4,461940,Sport Utility,AWD
Essential Ivt,FRONT_WHEEL_DRIVE,HYUNDAI,VNCW5V1FES00,2025,Essential,4,463352,Sport Utility,IVT
Essential Ivt W/two-Tone,FRONT_WHEEL_DRIVE,HYUNDAI,VNCW5V1FESTT,2025,Essential,4,463353,Sport Utility,IVT w/Two-Tone
Preferred Ivt,FRONT_WHEEL_DRIVE,HYUNDAI,VNCW5V1FPR00,2025,Preferred,4,463354,Sport Utility,IVT
Preferred Ivt W/two-Tone,FRONT_WHEEL_DRIVE,HYUNDAI,VNCW5V1FPRTT,2025,Preferred,4,463355,Sport Utility,IVT w/Two-Tone
Ultimate Ivt W/black Interior,FRONT_WHEEL_DRIVE,HYUNDAI,VNCW5V1FUL00,2025,Ultimate,4,463356,Sport Utility,IVT w/Black Interior
Ultimate Ivt W/denim Interior,FRONT_WHEEL_DRIVE,HYUNDAI,VNCW5V1FULCP,2025,Ultimate,4,463357,Sport Utility,IVT w/Denim Interior
Essential Ivt,FRONT_WHEEL_DRIVE,HYUNDAI,ELCS4V2BES00,2026,Essential,4,481251,4dr Car,IVT
Preferred Ivt,FRONT_WHEEL_DRIVE,HYUNDAI,ELCS4V2BPR00,2026,Preferred,4,481252,4dr Car,IVT
Preferred Ivt W/tech Package,FRONT_WHEEL_DRIVE,HYUNDAI,ELCS4V2BPRTE,2026,Preferred,4,481253,4dr Car,IVT w/Tech Pkg
Luxury Ivt,FRONT_WHEEL_DRIVE,HYUNDAI,ELCS4V2BLU00,2026,Luxury,4,481254,4dr Car,IVT
Luxury Ivt W/two-Tone Interior,FRONT_WHEEL_DRIVE,HYUNDAI,ELCS4V2BLUME,2026,Luxury,4,481255,4dr Car,IVT w/Two-Tone Interior
N-Line Ultimate Dct,FRONT_WHEEL_DRIVE,HYUNDAI,ELCS4U1ANLUL,2026,N Line Ultimate,4,481256,4dr Car,DCT
Luxury Sedan,FRONT_WHEEL_DRIVE,HYUNDAI,ELHS4T1BLUHE,2026,Luxury,4,481260,4dr Car,Sedan
Luxury Sedan W/two-Tone Interior,FRONT_WHEEL_DRIVE,HYUNDAI,ELHS4T1BLUHM,2026,Luxury,4,481261,4dr Car,Sedan w/Two-Tone Interior
Manual,FRONT_WHEEL_DRIVE,HYUNDAI,ELCS472ANN00,2026,,4,480293,4dr Car,Manual
Dct,FRONT_WHEEL_DRIVE,HYUNDAI,ELCS4M2ANN00,2026,,4,480294,4dr Car,DCT
Tcr Manual,FRONT_WHEEL_DRIVE,HYUNDAI,ELCS472ANNTC,2026,TCR,4,480295,4dr Car,Manual
Tcr Dct,FRONT_WHEEL_DRIVE,HYUNDAI,ELCS4M2ANNTC,2026,TCR,4,480296,4dr Car,DCT
Preferred Rwd Long Range,REAR_WHEEL_DRIVE,HYUNDAI,I5EW5ZE4PRLR,2026,Preferred,4,480462,Sport Utility,RWD Long Range
Preferred Awd Long Range,ALL_WHEEL_DRIVE,HYUNDAI,I5EW5ZE2PRLR,2026,Preferred,4,480463,Sport Utility,AWD Long Range
Preferred Awd Long Range W/ultimate Package,ALL_WHEEL_DRIVE,HYUNDAI,I5EW5ZE2PRUP,2026,Preferred,4,480464,Sport Utility,AWD Long Range w/Ultimate Pkg
Essential Rwd,REAR_WHEEL_DRIVE,HYUNDAI,I9EW7ZE4ES00,2026,Essential,4,476069,Sport Utility,RWD
Preferred Awd,ALL_WHEEL_DRIVE,HYUNDAI,I9EW7ZE2PR00,2026,Preferred,4,476070,Sport Utility,AWD
Preferred Awd W/luxury Package,ALL_WHEEL_DRIVE,HYUNDAI,I9EW7ZE2PRLP,2026,Preferred,4,476071,Sport Utility,AWD w/Luxury Pkg
Preferred + Awd W/ultimate Calligraphy Package,ALL_WHEEL_DRIVE,HYUNDAI,I9EW6ZE1PRBG,2026,Preferred +,4,476072,Sport Utility,AWD w/Ultimate Calligraphy Pkg
Preferred + Awd,ALL_WHEEL_DRIVE,HYUNDAI,I9EW7ZE1PR00,2026,Preferred +,4,477563,Sport Utility,AWD
2.0l Essential Fwd,FRONT_WHEEL_DRIVE,HYUNDAI,KOCW5V2BES00,2026,Essential,4,479275,Sport Utility,2.0L FWD
2.0l Preferred Fwd,FRONT_WHEEL_DRIVE,HYUNDAI,KOCW5V2BPR00,2026,Preferred,4,479276,Sport Utility,2.0L FWD
2.0l Essential Awd,ALL_WHEEL_DRIVE,HYUNDAI,KOCW5Q2BES00,2026,Essential,4,479277,Sport Utility,2.0L AWD
2.0l Preferred Awd,ALL_WHEEL_DRIVE,HYUNDAI,KOCW5Q2BPR00,2026,Preferred,4,479278,Sport Utility,2.0L AWD
2.0l Preferred Awd W/trend Package,ALL_WHEEL_DRIVE,HYUNDAI,KOCW5Q2BPRTR,2026,Preferred,4,479279,Sport Utility,2.0L AWD w/Trend Package
1.6t N-Line Awd,ALL_WHEEL_DRIVE,HYUNDAI,KOCW5K1ANL00,2026,N Line,4,479280,Sport Utility,1.6T AWD
1.6t N-Line Awd W/two-Tone Roof,ALL_WHEEL_DRIVE,HYUNDAI,KOCW5K1ANLTT,2026,N Line,4,479281,Sport Utility,1.6T AWD w/Two-Tone Roof
1.6t N-Line Ultimate Awd,ALL_WHEEL_DRIVE,HYUNDAI,KOCW5K1ANLUL,2026,N Line Ultimate,4,479282,Sport Utility,1.6T AWD
1.6t N-Line Ultimate Awd W/two-Tone Roof,ALL_WHEEL_DRIVE,HYUNDAI,KOCW5K1ANLBA,2026,N Line Ultimate,4,479283,Sport Utility,1.6T AWD w/Two-Tone Roof
Preferred Fwd,FRONT_WHEEL_DRIVE,HYUNDAI,KEEW5ZE4PR00,2026,Preferred,4,481446,Sport Utility,FWD
Preferred Fwd W/trend Package,FRONT_WHEEL_DRIVE,HYUNDAI,KEEW5ZE4PRTR,2026,Preferred,4,481447,Sport Utility,FWD w/Trend Package
Preferred Fwd W/ultimate Package,FRONT_WHEEL_DRIVE,HYUNDAI,KEEW5ZE4PRUP,2026,Preferred,4,481448,Sport Utility,FWD w/Ultimate Package
Preferred Fwd W/ultimate Package Two-Tone,FRONT_WHEEL_DRIVE,HYUNDAI,KEEW5ZE4PRUT,2026,Preferred,4,481449,Sport Utility,FWD w/Ultimate Package Two-Tone
Preferred Trend Awd,ALL_WHEEL_DRIVE,HYUNDAI,PACW8K3FPRTR,2026,Preferred Trend,4,480186,Sport Utility,AWD
Ultimate Calligraphy Awd,ALL_WHEEL_DRIVE,HYUNDAI,PACW7K3FULCA,2026,Ultimate Calligraphy,4,480187,Sport Utility,AWD
Xrt Pro Awd,ALL_WHEEL_DRIVE,HYUNDAI,PACW7K3FXP00,2026,XRT Pro,4,480188,Sport Utility,AWD
Luxury 8-Passenger Awd,ALL_WHEEL_DRIVE,HYUNDAI,PAHW8G2DLU8H,2026,Luxury,4,480297,Sport Utility,8-Passenger AWD
Luxury 7-Passenger Awd,ALL_WHEEL_DRIVE,HYUNDAI,PAHW7G2DLU7H,2026,Luxury,4,480298,Sport Utility,7-Passenger AWD
Ultimate Calligraphy Awd,ALL_WHEEL_DRIVE,HYUNDAI,PAHW7G2DULCH,2026,Ultimate Calligraphy,4,480299,Sport Utility,AWD
Ultimate Calligraphy Nhl Special Edition Awd,ALL_WHEEL_DRIVE,HYUNDAI,PAHW7G2DULCH,2026,Ultimate Calligraphy NHL Special Edition,4,481523,Sport Utility,AWD
Preferred Awd,ALL_WHEEL_DRIVE,HYUNDAI,SAHW7G1APRHE,2026,Preferred,4,480189,Sport Utility,AWD
Preferred Awd W/trend Package,ALL_WHEEL_DRIVE,HYUNDAI,SAHW7G1APRTH,2026,Preferred,4,480190,Sport Utility,AWD w/Trend Pkg
Luxury Awd,ALL_WHEEL_DRIVE,HYUNDAI,SAHW7G1ALUHE,2026,Luxury,4,480191,Sport Utility,AWD
Ultimate Calligraphy Awd,ALL_WHEEL_DRIVE,HYUNDAI,SAHW6G1AULBG,2026,Ultimate Calligraphy,4,480192,Sport Utility,AWD
Ultimate Calligraphy Awd W/beige,ALL_WHEEL_DRIVE,HYUNDAI,SAHW6G1AULBH,2026,Ultimate Calligraphy,4,480193,Sport Utility,AWD w/Beige
N-Line Fwd,FRONT_WHEEL_DRIVE,HYUNDAI,SOCS4M2DNL00,2026,N Line,4,480134,4dr Car,FWD
Preferred-Trend Awd,ALL_WHEEL_DRIVE,HYUNDAI,SOCS4K2EPRTR,2026,Preferred-Trend,4,480135,4dr Car,AWD
Preferred-Trend Fwd,FRONT_WHEEL_DRIVE,HYUNDAI,SHHS4F2FPRTH,2026,Preferred-Trend,4,480136,4dr Car,Sedan
Preferred Awd,ALL_WHEEL_DRIVE,HYUNDAI,TUCWDK2EPR00,2026,Preferred,4,480578,Sport Utility,AWD
Preferred Awd W/trend Package,ALL_WHEEL_DRIVE,HYUNDAI,TUCWDK2EPRTR,2026,Preferred,4,480579,Sport Utility,AWD w/Trend Pkg
Preferred Awd,ALL_WHEEL_DRIVE,HYUNDAI,TUCWDK2EPM00,2026,Preferred,4,480580,Sport Utility,AWD
Preferred Awd W/trend Package,ALL_WHEEL_DRIVE,HYUNDAI,TUCWDK2EPMTM,2026,Preferred,4,480581,Sport Utility,AWD w/Trend Pkg
N-Line Awd,ALL_WHEEL_DRIVE,HYUNDAI,TUHWDG1ANLHE,2026,N-Line,4,480562,Sport Utility,AWD
Ultimate Awd,ALL_WHEEL_DRIVE,HYUNDAI,TUHWDG1AULHE,2026,Ultimate,4,480563,Sport Utility,AWD
Night Edition Awd,ALL_WHEEL_DRIVE,HYUNDAI,TUHWDG1ANE00,2026,Night Edition,4,485675,Sport Utility,AWD
Ultimate Awd,ALL_WHEEL_DRIVE,HYUNDAI,TUPWDG1AULPH,2026,Ultimate,4,480564,Sport Utility,AWD
Essential Ivt,FRONT_WHEEL_DRIVE,HYUNDAI,VNCW5V1FES00,2026,Essential,4,480300,Sport Utility,IVT
Essential Ivt W/two-Tone,FRONT_WHEEL_DRIVE,HYUNDAI,VNCW5V1FESTT,2026,Essential,4,480301,Sport Utility,IVT w/Two-Tone
Preferred Ivt,FRONT_WHEEL_DRIVE,HYUNDAI,VNCW5V1FPR00,2026,Preferred,4,480302,Sport Utility,IVT
Preferred Ivt W/two-Tone,FRONT_WHEEL_DRIVE,HYUNDAI,VNCW5V1FPRTT,2026,Preferred,4,480303,Sport Utility,IVT w/Two-Tone
Ultimate Ivt W/black Interior,FRONT_WHEEL_DRIVE,HYUNDAI,VNCW5V1FUL00,2026,Ultimate,4,480304,Sport Utility,IVT w/Black Interior
Ultimate Ivt W/denim Interior,FRONT_WHEEL_DRIVE,HYUNDAI,VNCW5V1FULCP,2026,Ultimate,4,480305,Sport Utility,IVT w/Denim Interior
Gx Awd,ALL_WHEEL_DRIVE,MAZDA,ZXXL84,2024,GX,4,447804,Sport Utility,AWD
Gs Awd,ALL_WHEEL_DRIVE,MAZDA,ZXSL84,2024,GS,4,447805,Sport Utility,AWD
Gt Awd,ALL_WHEEL_DRIVE,MAZDA,ZXTL84,2024,GT,4,447806,Sport Utility,AWD
Gt W/turbo Awd,ALL_WHEEL_DRIVE,MAZDA,ZXTM84,2024,GT w/Turbo,4,447807,Sport Utility,AWD
Suna Awd,ALL_WHEEL_DRIVE,MAZDA,ZXUM84,2024,Suna,4,447808,Sport Utility,AWD
Gx Awd *ltd Avail*,ALL_WHEEL_DRIVE,MAZDA,NXXN84,2024,GX,4,445370,Sport Utility,AWD
Gs Awd *ltd Avail*,ALL_WHEEL_DRIVE,MAZDA,NXSN84,2024,GS,4,445371,Sport Utility,AWD
Kuro Awd,ALL_WHEEL_DRIVE,MAZDA,NXBN84,2024,Kuro,4,445372,Sport Utility,AWD
Gt Awd,ALL_WHEEL_DRIVE,MAZDA,NXTN84,2024,GT,4,445373,Sport Utility,AWD
Sport Design Awd,ALL_WHEEL_DRIVE,MAZDA,NXDM84,2024,Sport Design,4,445374,Sport Utility,AWD
Signature Awd,ALL_WHEEL_DRIVE,MAZDA,NXKM84,2024,Signature,4,445375,Sport Utility,AWD
Suna Awd,ALL_WHEEL_DRIVE,MAZDA,NXUM84,2024,Suna,4,445376,Sport Utility,AWD
Gx Awd W/o Cd,ALL_WHEEL_DRIVE,MAZDA,NXXL84,2024,GX,4,451113,Sport Utility,AWD w/o CD
Gs Awd W/o Cd,ALL_WHEEL_DRIVE,MAZDA,NXSL84,2024,GS,4,451114,Sport Utility,AWD w/o CD
Gs-L Awd,ALL_WHEEL_DRIVE,MAZDA,JXLN84,2024,GS-L,4,444168,Sport Utility,AWD
Gt Awd,ALL_WHEEL_DRIVE,MAZDA,JXTN84,2024,GT,4,444169,Sport Utility,AWD
Gt W/turbo Awd,ALL_WHEEL_DRIVE,MAZDA,JXTM84,2024,GT w/Turbo,4,444170,Sport Utility,AWD
Meridian Edition Awd,ALL_WHEEL_DRIVE,MAZDA,JXTM84,2024,Meridian Edition,4,444171,Sport Utility,AWD
Gs Awd,ALL_WHEEL_DRIVE,MAZDA,WXSF84,2024,GS,4,438890,Sport Utility,AWD
Gs-L Awd,ALL_WHEEL_DRIVE,MAZDA,WXLF84,2024,GS-L,4,438891,Sport Utility,AWD
Gt Awd,ALL_WHEEL_DRIVE,MAZDA,WXTF84,2024,GT,4,438892,Sport Utility,AWD
Gt-P Awd,ALL_WHEEL_DRIVE,MAZDA,WXPG84,2024,GT-P,4,438893,Sport Utility,AWD
Signature Awd,ALL_WHEEL_DRIVE,MAZDA,WXKG84,2024,Signature,4,438894,Sport Utility,AWD
Gs Awd,ALL_WHEEL_DRIVE,MAZDA,VXSP84,2024,GS,4,438887,Sport Utility,AWD
Gs-L Awd,ALL_WHEEL_DRIVE,MAZDA,VXLP84,2024,GS-L,4,438888,Sport Utility,AWD
Gt Awd,ALL_WHEEL_DRIVE,MAZDA,VXTP84,2024,GT,4,438889,Sport Utility,AWD
Gx Auto Fwd,FRONT_WHEEL_DRIVE,MAZDA,DVXL84,2024,GX,4,444021,4dr Car,Auto FWD
Gs Auto Fwd,FRONT_WHEEL_DRIVE,MAZDA,DVSL84,2024,GS,4,444022,4dr Car,Auto FWD
Gt Auto Fwd,FRONT_WHEEL_DRIVE,MAZDA,DVTL84,2024,GT,4,444023,4dr Car,Auto FWD
Gs Auto Awd,ALL_WHEEL_DRIVE,MAZDA,DXSL84,2024,GS,4,444024,4dr Car,Auto i-ACTIV AWD
Gt Auto Awd,ALL_WHEEL_DRIVE,MAZDA,DXTL84,2024,GT,4,444025,4dr Car,Auto i-ACTIV AWD
Gt W/turbo Auto Awd,ALL_WHEEL_DRIVE,MAZDA,DXTM84,2024,GT w/Turbo,4,444026,4dr Car,Auto i-ACTIV AWD
Gx Auto Fwd,FRONT_WHEEL_DRIVE,MAZDA,SVXL84,2024,GX,4,444918,4dr Car,Auto FWD
Gs Auto Fwd,FRONT_WHEEL_DRIVE,MAZDA,SVSL84,2024,GS,4,444919,4dr Car,Auto FWD
Gt Manual Fwd,FRONT_WHEEL_DRIVE,MAZDA,SVTL64,2024,GT,4,444920,4dr Car,Manual FWD
Gt Auto Fwd,FRONT_WHEEL_DRIVE,MAZDA,SVTL84,2024,GT,4,444921,4dr Car,Auto FWD
Gs Auto Awd,ALL_WHEEL_DRIVE,MAZDA,SXSL84,2024,GS,4,444922,4dr Car,Auto i-ACTIV AWD
Gt Auto Awd,ALL_WHEEL_DRIVE,MAZDA,SXTL84,2024,GT,4,444923,4dr Car,Auto i-ACTIV AWD
Gt W/turbo Auto Awd,ALL_WHEEL_DRIVE,MAZDA,SXTM84,2024,GT w/Turbo,4,444924,4dr Car,Auto i-ACTIV AWD
Suna Auto Awd,ALL_WHEEL_DRIVE,MAZDA,SXUM84,2024,Suna,4,444925,4dr Car,Auto i-ACTIV AWD
Gs Fwd,FRONT_WHEEL_DRIVE,MAZDA,KVSB84,2024,GS,4,453513,Sport Utility,FWD
Gt Fwd,FRONT_WHEEL_DRIVE,MAZDA,KVTB84,2024,GT,4,453514,Sport Utility,FWD
Gs Manual,REAR_WHEEL_DRIVE,MAZDA,L2SK64,2024,GS,2,453418,2dr Car,Manual
Gs-P Manual,REAR_WHEEL_DRIVE,MAZDA,L2PK64,2024,GS-P,2,453419,2dr Car,Manual
Gs-P Auto,REAR_WHEEL_DRIVE,MAZDA,L2PK84,2024,GS-P,2,453420,2dr Car,Auto
Gt Manual,REAR_WHEEL_DRIVE,MAZDA,L2TK64,2024,GT,2,453421,2dr Car,Manual
Gt Auto,REAR_WHEEL_DRIVE,MAZDA,L2TK84,2024,GT,2,453422,2dr Car,Auto
Gs-P Manual,REAR_WHEEL_DRIVE,MAZDA,L3PK64,2024,GS-P,2,453423,2dr Car,Manual
Gs-P Auto,REAR_WHEEL_DRIVE,MAZDA,L3PK84,2024,GS-P,2,453424,2dr Car,Auto
Gt Manual,REAR_WHEEL_DRIVE,MAZDA,L3TK64,2024,GT,2,453425,2dr Car,Manual
Gt Auto,REAR_WHEEL_DRIVE,MAZDA,L3TK84,2024,GT,2,453426,2dr Car,Auto
Gx Awd,ALL_WHEEL_DRIVE,MAZDA,ZXXL85,2025,GX,4,463053,Sport Utility,AWD
Gs Awd,ALL_WHEEL_DRIVE,MAZDA,ZXSL85,2025,GS,4,463054,Sport Utility,AWD
Gt Awd,ALL_WHEEL_DRIVE,MAZDA,ZXTL85,2025,GT,4,463055,Sport Utility,AWD
Gt W/turbo Awd,ALL_WHEEL_DRIVE,MAZDA,ZXTM85,2025,GT w/Turbo,4,463056,Sport Utility,AWD
Suna Awd,ALL_WHEEL_DRIVE,MAZDA,ZXUM85,2025,Suna,4,463057,Sport Utility,AWD
Gx Awd,ALL_WHEEL_DRIVE,MAZDA,NXXL85,2025,GX,4,461688,Sport Utility,AWD
Gs Awd,ALL_WHEEL_DRIVE,MAZDA,NXSL85,2025,GS,4,461689,Sport Utility,AWD
Kuro Awd,ALL_WHEEL_DRIVE,MAZDA,NXBN85,2025,Kuro,4,461690,Sport Utility,AWD
Gt Awd,ALL_WHEEL_DRIVE,MAZDA,NXTN85,2025,GT,4,461691,Sport Utility,AWD
Sport Design Awd,ALL_WHEEL_DRIVE,MAZDA,NXDM85,2025,Sport Design,4,461692,Sport Utility,AWD
Suna Awd,ALL_WHEEL_DRIVE,MAZDA,NXUM85,2025,Suna,4,461693,Sport Utility,AWD
Signature Awd,ALL_WHEEL_DRIVE,MAZDA,NXKM85,2025,Signature,4,461694,Sport Utility,AWD
Gs-L Awd,ALL_WHEEL_DRIVE,MAZDA,JXLN85,2025,GS-L,4,461996,Sport Utility,AWD
Gt Awd,ALL_WHEEL_DRIVE,MAZDA,JXTN85,2025,GT,4,461997,Sport Utility,AWD
Gt W/turbo Awd,ALL_WHEEL_DRIVE,MAZDA,JXTM85,2025,GT w/Turbo,4,461998,Sport Utility,AWD
Meridian Edition Awd,ALL_WHEEL_DRIVE,MAZDA,JXTM85,2025,Meridian Edition,4,461999,Sport Utility,AWD
Gs-L E-Awd,ALL_WHEEL_DRIVE,MAZDA,MXLH85,2025,GS-L,4,462388,Sport Utility,e-AWD
Kuro E-Awd,ALL_WHEEL_DRIVE,MAZDA,MXBH85,2025,Kuro,4,462389,Sport Utility,e-AWD
Gt E-Awd,ALL_WHEEL_DRIVE,MAZDA,MXTH85,2025,GT,4,462390,Sport Utility,e-AWD
Gs-L Awd,ALL_WHEEL_DRIVE,MAZDA,XXLF85,2025,GS-L,4,453634,Sport Utility,AWD
Gt Awd,ALL_WHEEL_DRIVE,MAZDA,XXTF85,2025,GT,4,453635,Sport Utility,AWD
Gt-P Awd,ALL_WHEEL_DRIVE,MAZDA,XXPG85,2025,GT-P,4,453636,Sport Utility,AWD
Signature Awd,ALL_WHEEL_DRIVE,MAZDA,XXKG85,2025,Signature,4,453637,Sport Utility,AWD
Gs-L Awd,ALL_WHEEL_DRIVE,MAZDA,YXLP85,2025,GS-L,4,453632,Sport Utility,AWD
Gt Awd,ALL_WHEEL_DRIVE,MAZDA,YXTP85,2025,GT,4,453633,Sport Utility,AWD
Gs Awd,ALL_WHEEL_DRIVE,MAZDA,WXSF85,2025,GS,4,461802,Sport Utility,AWD
Gs-L Awd,ALL_WHEEL_DRIVE,MAZDA,WXLF85,2025,GS-L,4,461803,Sport Utility,AWD
Gt Awd,ALL_WHEEL_DRIVE,MAZDA,WXTF85,2025,GT,4,461804,Sport Utility,AWD
Gt-P Awd,ALL_WHEEL_DRIVE,MAZDA,WXPG85,2025,GT-P,4,461805,Sport Utility,AWD
Signature Awd,ALL_WHEEL_DRIVE,MAZDA,WXKG85,2025,Signature,4,461806,Sport Utility,AWD
Gs Awd,ALL_WHEEL_DRIVE,MAZDA,VXSP85,2025,GS,4,461700,Sport Utility,AWD
Gs-L Awd,ALL_WHEEL_DRIVE,MAZDA,VXLP85,2025,GS-L,4,461701,Sport Utility,AWD
Gt Awd,ALL_WHEEL_DRIVE,MAZDA,VXTP85,2025,GT,4,461702,Sport Utility,AWD
Gx Auto Fwd,FRONT_WHEEL_DRIVE,MAZDA,DVXL85,2025,GX,4,461087,4dr Car,Auto FWD
Gs Auto Fwd,FRONT_WHEEL_DRIVE,MAZDA,DVSL85,2025,GS,4,461088,4dr Car,Auto FWD
Gt Auto Fwd,FRONT_WHEEL_DRIVE,MAZDA,DVTL85,2025,GT,4,461089,4dr Car,Auto FWD
Gs Auto Awd,ALL_WHEEL_DRIVE,MAZDA,DXSL85,2025,GS,4,461090,4dr Car,Auto i-ACTIV AWD
Gt Auto Awd,ALL_WHEEL_DRIVE,MAZDA,DXTL85,2025,GT,4,461091,4dr Car,Auto i-ACTIV AWD
Gt W/turbo Auto Awd,ALL_WHEEL_DRIVE,MAZDA,DXTM85,2025,GT w/Turbo,4,461092,4dr Car,Auto i-ACTIV AWD
Gx Auto Fwd,FRONT_WHEEL_DRIVE,MAZDA,SVXL85,2025,GX,4,461093,4dr Car,Auto FWD
Gs Auto Fwd,FRONT_WHEEL_DRIVE,MAZDA,SVSL85,2025,GS,4,461094,4dr Car,Auto FWD
Gt Manual Fwd,FRONT_WHEEL_DRIVE,MAZDA,SVTL65,2025,GT,4,461095,4dr Car,Manual FWD
Gt Auto Fwd,FRONT_WHEEL_DRIVE,MAZDA,SVTL85,2025,GT,4,461096,4dr Car,Auto FWD
Gs Auto Awd,ALL_WHEEL_DRIVE,MAZDA,SXSL85,2025,GS,4,461097,4dr Car,Auto i-ACTIV AWD
Gt Auto Awd,ALL_WHEEL_DRIVE,MAZDA,SXTL85,2025,GT,4,461098,4dr Car,Auto i-ACTIV AWD
Gt W/turbo Auto Awd,ALL_WHEEL_DRIVE,MAZDA,SXTM85,2025,GT w/Turbo,4,461099,4dr Car,Auto i-ACTIV AWD
Suna Auto Awd,ALL_WHEEL_DRIVE,MAZDA,SXUM85,2025,Suna,4,461100,4dr Car,Auto i-ACTIV AWD
Gs Manual,REAR_WHEEL_DRIVE,MAZDA,L2SK65,2025,GS,2,470171,2dr Car,Manual
Gs-P Manual,REAR_WHEEL_DRIVE,MAZDA,L2PK65,2025,GS-P,2,470172,2dr Car,Manual
Gs-P Auto,REAR_WHEEL_DRIVE,MAZDA,L2PK85,2025,GS-P,2,470173,2dr Car,Auto
Gt Manual,REAR_WHEEL_DRIVE,MAZDA,L2TK65,2025,GT,2,470174,2dr Car,Manual
Gt Auto,REAR_WHEEL_DRIVE,MAZDA,L2TK85,2025,GT,2,470175,2dr Car,Auto
35th Anniversary Edition Manual,REAR_WHEEL_DRIVE,MAZDA,L2EK65,2025,35th Anniversary Edition,2,470780,2dr Car,Manual
Gs-P Manual,REAR_WHEEL_DRIVE,MAZDA,L3PK65,2025,GS-P,2,469862,2dr Car,Manual
Gs-P Auto,REAR_WHEEL_DRIVE,MAZDA,L3PK85,2025,GS-P,2,469863,2dr Car,Auto
Gt Manual,REAR_WHEEL_DRIVE,MAZDA,L3TK65,2025,GT,2,469864,2dr Car,Manual
Gt Auto,REAR_WHEEL_DRIVE,MAZDA,L3TK85,2025,GT,2,469865,2dr Car,Auto
Gx Awd,ALL_WHEEL_DRIVE,MAZDA,ZXXL86,2026,GX,4,483015,Sport Utility,AWD
Gs Awd,ALL_WHEEL_DRIVE,MAZDA,ZXSL86,2026,GS,4,483016,Sport Utility,AWD
Gt Awd,ALL_WHEEL_DRIVE,MAZDA,ZXTL86,2026,GT,4,483017,Sport Utility,AWD
Gt W/turbo Awd,ALL_WHEEL_DRIVE,MAZDA,ZXTM86,2026,GT w/Turbo,4,483018,Sport Utility,AWD
Gx Awd,ALL_WHEEL_DRIVE,MAZDA,NXXL86,2026,GX,4,483282,Sport Utility,AWD
Gs Awd,ALL_WHEEL_DRIVE,MAZDA,NXSL86,2026,GS,4,483283,Sport Utility,AWD
Gt Awd,ALL_WHEEL_DRIVE,MAZDA,NXTL86,2026,GT,4,483284,Sport Utility,AWD
Gs-L Awd,ALL_WHEEL_DRIVE,MAZDA,XXLF86,2026,GS-L,4,483075,Sport Utility,AWD
Gt Awd,ALL_WHEEL_DRIVE,MAZDA,XXTF86,2026,GT,4,483076,Sport Utility,AWD
Gt-P Awd,ALL_WHEEL_DRIVE,MAZDA,XXPG86,2026,GT-P,4,483077,Sport Utility,AWD
Signature Awd,ALL_WHEEL_DRIVE,MAZDA,XXKG86,2026,Signature,4,483078,Sport Utility,AWD
Gt Awd,ALL_WHEEL_DRIVE,MAZDA,YXTP86,2026,GT,4,483123,Sport Utility,AWD
Gs Sc Awd,ALL_WHEEL_DRIVE,MAZDA,YXCP86,2026,GS SC,4,483124,Sport Utility,AWD
Gs-L Sc Awd,ALL_WHEEL_DRIVE,MAZDA,YXHP86,2026,GS-L SC,4,483125,Sport Utility,AWD
Signature Awd,ALL_WHEEL_DRIVE,MAZDA,YXKP86,2026,Signature,4,483126,Sport Utility,AWD
Gs Awd,ALL_WHEEL_DRIVE,MAZDA,WXSF86,2026,GS,4,483114,Sport Utility,AWD
Gs-L Awd,ALL_WHEEL_DRIVE,MAZDA,WXLF86,2026,GS-L,4,483115,Sport Utility,AWD
Gt Awd,ALL_WHEEL_DRIVE,MAZDA,WXTF86,2026,GT,4,483116,Sport Utility,AWD
Gt-P Awd,ALL_WHEEL_DRIVE,MAZDA,WXPG86,2026,GT-P,4,483117,Sport Utility,AWD
Signature Awd,ALL_WHEEL_DRIVE,MAZDA,WXKG86,2026,Signature,4,483118,Sport Utility,AWD
Gs Awd,ALL_WHEEL_DRIVE,MAZDA,VXSP86,2026,GS,4,483119,Sport Utility,AWD
Gs-L Awd,ALL_WHEEL_DRIVE,MAZDA,VXLP86,2026,GS-L,4,483120,Sport Utility,AWD
Gt Awd,ALL_WHEEL_DRIVE,MAZDA,VXTP86,2026,GT,4,483121,Sport Utility,AWD
Signature Awd,ALL_WHEEL_DRIVE,MAZDA,VXKP86,2026,Signature,4,483122,Sport Utility,AWD
Gx Fwd,FRONT_WHEEL_DRIVE,MAZDA,DVXL86,2026,GX,4,483005,4dr Car,FWD
Gs Fwd,FRONT_WHEEL_DRIVE,MAZDA,DVSL86,2026,GS,4,483006,4dr Car,FWD
Gt Fwd,FRONT_WHEEL_DRIVE,MAZDA,DVTL86,2026,GT,4,483007,4dr Car,FWD
Gs Awd,ALL_WHEEL_DRIVE,MAZDA,DXSL86,2026,GS,4,483008,4dr Car,i-ACTIV AWD
Gt Awd,ALL_WHEEL_DRIVE,MAZDA,DXTL86,2026,GT,4,483009,4dr Car,i-ACTIV AWD
Gt W/turbo Awd,ALL_WHEEL_DRIVE,MAZDA,DXTM86,2026,GT w/Turbo,4,483010,4dr Car,i-ACTIV AWD
Gx Auto Fwd,FRONT_WHEEL_DRIVE,MAZDA,SVXL86,2026,GX,4,483028,4dr Car,Auto FWD
Gs Auto Fwd,FRONT_WHEEL_DRIVE,MAZDA,SVSL86,2026,GS,4,483029,4dr Car,Auto FWD
Gt Manual Fwd,FRONT_WHEEL_DRIVE,MAZDA,SVTL66,2026,GT,4,483030,4dr Car,Manual FWD
Gt Auto Fwd,FRONT_WHEEL_DRIVE,MAZDA,SVTL86,2026,GT,4,483031,4dr Car,Auto FWD
Gs Auto Awd,ALL_WHEEL_DRIVE,MAZDA,SXSL86,2026,GS,4,483032,4dr Car,Auto i-ACTIV AWD
Gt Auto Awd,ALL_WHEEL_DRIVE,MAZDA,SXTL86,2026,GT,4,483033,4dr Car,Auto i-ACTIV AWD
Gt W/turbo Auto Awd,ALL_WHEEL_DRIVE,MAZDA,SXTM86,2026,GT w/Turbo,4,483034,4dr Car,Auto i-ACTIV AWD
Gs Manual,REAR_WHEEL_DRIVE,MAZDA,L2SK66,2026,GS,2,483880,2dr Car,Manual
Gs-P Manual,REAR_WHEEL_DRIVE,MAZDA,L2PK66,2026,GS-P,2,483881,2dr Car,Manual
Gs-P Auto,REAR_WHEEL_DRIVE,MAZDA,L2PK86,2026,GS-P,2,483882,2dr Car,Auto
Gt Manual,REAR_WHEEL_DRIVE,MAZDA,L2TK66,2026,GT,2,483883,2dr Car,Manual
Gt Auto,REAR_WHEEL_DRIVE,MAZDA,L2TK86,2026,GT,2,483884,2dr Car,Auto
Gs-P Manual,REAR_WHEEL_DRIVE,MAZDA,L3PK66,2026,GS-P,2,483885,2dr Car,Manual
Gs-P Auto,REAR_WHEEL_DRIVE,MAZDA,L3PK86,2026,GS-P,2,483886,2dr Car,Auto
Gt Manual,REAR_WHEEL_DRIVE,MAZDA,L3TK66,2026,GT,2,483887,2dr Car,Manual
Gt Auto,REAR_WHEEL_DRIVE,MAZDA,L3TK86,2026,GT,2,483888,2dr Car,Auto
Awd,ALL_WHEEL_DRIVE,GENESIS,G8ES4ZE1GP00,2024,,4,450310,4dr Car,AWD
Prestige Awd,ALL_WHEEL_DRIVE,GENESIS,V7EW5ZE1GP00,2024,Prestige,4,447828,Sport Utility,AWD
2.5t Advanced Awd,ALL_WHEEL_DRIVE,GENESIS,G7CS4K2DGA00,2024,2.5T Advanced,4,452610,4dr Car,AWD
2.5t Prestige Awd,ALL_WHEEL_DRIVE,GENESIS,G7CS4K2DGP00,2024,2.5T Prestige,4,452611,4dr Car,AWD
3.3t Advanced Awd,ALL_WHEEL_DRIVE,GENESIS,G7CS4K3AGA00,2024,3.3T Advanced,4,452612,4dr Car,AWD
3.3t Sport Awd,ALL_WHEEL_DRIVE,GENESIS,G7CS4K3AGS00,2024,3.3T Sport,4,452613,4dr Car,AWD
2.5t Advanced Awd,ALL_WHEEL_DRIVE,GENESIS,G8CS4K2DGA00,2024,2.5T Advanced,4,444087,4dr Car,AWD
3.5t Sport Plus Awd,ALL_WHEEL_DRIVE,GENESIS,G8CS4K3BGSAU,2024,3.5T Sport Plus,4,444088,4dr Car,AWD
E-Sc Prestige Awd,ALL_WHEEL_DRIVE,GENESIS,G9CS4K3BXXPS,2024,e-SC Prestige,4,450256,4dr Car,AWD
Advanced Awd,ALL_WHEEL_DRIVE,GENESIS,V6EW5ZE227AD,2024,Advanced,4,444967,Sport Utility,AWD
Performance Awd,ALL_WHEEL_DRIVE,GENESIS,V6EW5ZE127AR,2024,Performance,4,444968,Sport Utility,AWD
Performance Awd W/navy Interior,ALL_WHEEL_DRIVE,GENESIS,V6EW5ZE127PF,2024,Performance,4,444969,Sport Utility,AWD w/Navy Interior
2.5t Advanced Awd,ALL_WHEEL_DRIVE,GENESIS,V7CW5K2D27AD,2024,2.5T Advanced,4,447829,Sport Utility,AWD
2.5t Advanced Plus Awd,ALL_WHEEL_DRIVE,GENESIS,V7CW5K2DGAAU,2024,2.5T Advanced Plus,4,447830,Sport Utility,AWD
2.5t Prestige Awd,ALL_WHEEL_DRIVE,GENESIS,V7CW5K2DGP00,2024,2.5T Prestige,4,447831,Sport Utility,AWD
3.5t Sport Awd,ALL_WHEEL_DRIVE,GENESIS,V7CW5K3BGS00,2024,3.5T Sport,4,447832,Sport Utility,AWD
3.5t Sport Plus Without Lsd,ALL_WHEEL_DRIVE,GENESIS,V7CW5K3BGSAF,2024,3.5T Sport Plus w/o LSD,4,447833,Sport Utility,AWD
3.5t Sport Plus With-Lsd,ALL_WHEEL_DRIVE,GENESIS,V7CW5K3BGSBE,2024,3.5T Sport Plus w/LSD,4,447834,Sport Utility,AWD
2.5t Advanced Awd,ALL_WHEEL_DRIVE,GENESIS,V8CW5K2DGA00,2024,2.5T Advanced,4,438592,Sport Utility,AWD
3.5t Prestige Awd 5-Passenger,ALL_WHEEL_DRIVE,GENESIS,V8CW5K3BGPAM,2024,3.5T Prestige,4,438593,Sport Utility,AWD 5P
3.5t Prestige Awd 5-Passenger W/matte Paint,ALL_WHEEL_DRIVE,GENESIS,V8CW5K3BGPAP,2024,3.5T Prestige,4,438594,Sport Utility,AWD 5P w/Matte Paint
3.5t Prestige Awd 7-Passenger,ALL_WHEEL_DRIVE,GENESIS,V8CW7K3BGP00,2024,3.5T Prestige,4,438595,Sport Utility,AWD 7P
3.5t Prestige Awd 7-Passenger W/matte Paint,ALL_WHEEL_DRIVE,GENESIS,V8CW7K3BGPAO,2024,3.5T Prestige,4,438596,Sport Utility,AWD 7P w/Matte Paint
3.5t Advanced Awd 5-Passenger,ALL_WHEEL_DRIVE,GENESIS,V8CW5K3BGAAX,2024,3.5T Advanced,4,438597,Sport Utility,AWD 5P
3.5t Advanced Awd 5-Passenger W/matte Paint,ALL_WHEEL_DRIVE,GENESIS,V8CW5K3BGAAY,2024,3.5T Advanced,4,438598,Sport Utility,AWD 5P w/Matte Paint
Prestige Awd,ALL_WHEEL_DRIVE,GENESIS,V7EW5ZE1GP00,2025,Prestige,4,463311,Sport Utility,AWD
Advanced Awd,ALL_WHEEL_DRIVE,GENESIS,V7EW5ZE1GA00,2025,Advanced,4,463312,Sport Utility,AWD
Advanced Plus Awd,ALL_WHEEL_DRIVE,GENESIS,V7EW5ZE1GAAU,2025,Advanced Plus,4,463313,Sport Utility,AWD
2.5t Advanced Awd,ALL_WHEEL_DRIVE,GENESIS,G7CS4K2DGA00,2025,2.5T Advanced,4,455533,4dr Car,AWD
2.5t Prestige Awd,ALL_WHEEL_DRIVE,GENESIS,G7CS4K2DGP00,2025,2.5T Prestige,4,455534,4dr Car,AWD
3.3t Advanced Awd,ALL_WHEEL_DRIVE,GENESIS,G7CS4K3AGA00,2025,3.3T Advanced,4,455535,4dr Car,AWD
3.3t Sport Awd,ALL_WHEEL_DRIVE,GENESIS,G7CS4K3AGS00,2025,3.3T Sport,4,455536,4dr Car,AWD
2.5t Advanced Awd,ALL_WHEEL_DRIVE,GENESIS,G8CS4K2DGA00,2025,2.5T Advanced,4,466610,4dr Car,AWD
3.5t Sport Plus Awd,ALL_WHEEL_DRIVE,GENESIS,G8CS4K3BGSAU,2025,3.5T Sport Plus,4,466611,4dr Car,AWD
E-Sc Prestige Awd,ALL_WHEEL_DRIVE,GENESIS,G9CS4K3BXXPS,2025,e-SC Prestige,4,463358,4dr Car,AWD
Advanced Awd,ALL_WHEEL_DRIVE,GENESIS,V6EW5ZE227AD,2025,Advanced,4,461704,Sport Utility,AWD
Performance Awd,ALL_WHEEL_DRIVE,GENESIS,V6EW5ZE127AR,2025,Performance,4,461705,Sport Utility,AWD
Performance Awd W/navy Interior,ALL_WHEEL_DRIVE,GENESIS,V6EW5ZE127PF,2025,Performance,4,461706,Sport Utility,AWD w/Navy Interior
2.5t Advanced Awd,ALL_WHEEL_DRIVE,GENESIS,V7CW5K2D27AD,2025,2.5T Advanced,4,455516,Sport Utility,AWD
2.5t Advanced Plus Awd,ALL_WHEEL_DRIVE,GENESIS,V7CW5K2DGAAU,2025,2.5T Advanced Plus,4,455517,Sport Utility,AWD
2.5t Prestige Awd,ALL_WHEEL_DRIVE,GENESIS,V7CW5K2DGP00,2025,2.5T Prestige,4,455518,Sport Utility,AWD
3.5t Sport Awd,ALL_WHEEL_DRIVE,GENESIS,V7CW5K3BGS00,2025,3.5T Sport,4,455519,Sport Utility,AWD
3.5t Sport Plus With-Lsd,ALL_WHEEL_DRIVE,GENESIS,V7CW5K3BGSBE,2025,3.5T Sport Plus w/LSD,4,455520,Sport Utility,AWD
2.5t Advanced Awd 5-Passenger,ALL_WHEEL_DRIVE,GENESIS,V8CW5K2DGA00,2025,2.5T Advanced,4,459749,Sport Utility,AWD 5P
3.5t Advanced With-Technology Package Awd 7-Passenger,ALL_WHEEL_DRIVE,GENESIS,V8CW7K3BGA55,2025,3.5T Advanced,4,459750,Sport Utility,AWD w/Tech Pkg 7P
3.5t Prestige Awd 7-Passenger,ALL_WHEEL_DRIVE,GENESIS,V8CW7K3BGP00,2025,3.5T Prestige,4,459751,Sport Utility,AWD 7P
2.5t Advanced With-Technology Package Awd 5-Passenger,ALL_WHEEL_DRIVE,GENESIS,V8CW5K2DGA55,2025,2.5T Advanced,4,459752,Sport Utility,AWD w/Tech Pkg 5P
3.5t E-Sc Awd,ALL_WHEEL_DRIVE,GENESIS,V8CC7K3BGP00,2025,3.5T e-SC,4,460325,Sport Utility,AWD
Advanced Awd,ALL_WHEEL_DRIVE,GENESIS,V7EW5ZE1GA00,2026,Advanced,4,481478,Sport Utility,AWD
Prestige Awd,ALL_WHEEL_DRIVE,GENESIS,V7EW5ZE1GP00,2026,Prestige,4,481479,Sport Utility,AWD
2.5t Advanced Awd,ALL_WHEEL_DRIVE,GENESIS,G7CS4K2DGA00,2026,2.5T Advanced,4,475088,4dr Car,AWD
2.5t Prestige Awd,ALL_WHEEL_DRIVE,GENESIS,G7CS4K2DGP00,2026,2.5T Prestige,4,475089,4dr Car,AWD
3.3t Sport Awd,ALL_WHEEL_DRIVE,GENESIS,G7CS4K3AGS00,2026,3.3T Sport,4,475090,4dr Car,AWD
3.3t Graphite Special-Edition Edition Awd,ALL_WHEEL_DRIVE,GENESIS,G7CS4K3AGSGR,2026,3.3T Graphite Special Edition,4,484079,4dr Car,AWD
2.5t Advanced Awd,ALL_WHEEL_DRIVE,GENESIS,G8CS4K2DGA00,2026,2.5T Advanced,4,479262,4dr Car,AWD
3.5t Sport Awd,ALL_WHEEL_DRIVE,GENESIS,G8CS4K3BGS00,2026,3.5T Sport,4,479263,4dr Car,AWD
3.5t Prestige Black-Package Awd,ALL_WHEEL_DRIVE,GENESIS,G8CS4K3BGPBL,2026,3.5T Prestige Black,4,479264,4dr Car,AWD
E-Sc Prestige Awd,ALL_WHEEL_DRIVE,GENESIS,G9CS4K3BGP00,2026,e-SC Prestige,4,479289,4dr Car,AWD
E-Sc Prestige Ash Wood Awd,ALL_WHEEL_DRIVE,GENESIS,G9CS4K3BGPAW,2026,e-SC Prestige Ash Wood,4,479290,4dr Car,AWD
E-Sc Prestige Black-Package Awd,ALL_WHEEL_DRIVE,GENESIS,G9CS4K3BGPBL,2026,e-SC Prestige Black,4,479291,4dr Car,AWD
Advanced Awd,ALL_WHEEL_DRIVE,GENESIS,V6EW5ZE2GWAE,2026,Advanced,4,481700,Sport Utility,AWD
Awd *ltd Avail*,ALL_WHEEL_DRIVE,GENESIS,V6EW5ZE2GW00,2026,,4,481701,Sport Utility,AWD
+ Awd *ltd Avail*,ALL_WHEEL_DRIVE,GENESIS,V6EW5ZE1GZ00,2026,+,4,481702,Sport Utility,AWD
Sport Awd,ALL_WHEEL_DRIVE,GENESIS,V6EW5ZE1GZSP,2026,Sport,4,481703,Sport Utility,AWD
2.5t Advanced Awd,ALL_WHEEL_DRIVE,GENESIS,V7CW5K2DGA00,2026,2.5T Advanced,4,470386,Sport Utility,AWD
2.5t Advanced Technology Package Awd,ALL_WHEEL_DRIVE,GENESIS,V7CW5K2DGA55,2026,2.5T Advanced Technology Package,4,470387,Sport Utility,AWD
2.5t Prestige Awd,ALL_WHEEL_DRIVE,GENESIS,V7CW5K2DGP00,2026,2.5T Prestige,4,470388,Sport Utility,AWD
3.5t Sport Quilting Awd,ALL_WHEEL_DRIVE,GENESIS,V7CW5K3BGS00,2026,3.5T Sport Quilting,4,470389,Sport Utility,AWD
3.5t Sport Suede Awd,ALL_WHEEL_DRIVE,GENESIS,V7CW5K3BGSAU,2026,3.5T Sport Suede,4,473370,Sport Utility,AWD
2.5t Advanced Awd 5-Passenger,ALL_WHEEL_DRIVE,GENESIS,V8CW5K2DGA00,2026,2.5T Advanced,4,479284,Sport Utility,AWD 5P
2.5t Advanced With-Technology Package Awd 5-Passenger,ALL_WHEEL_DRIVE,GENESIS,V8CW5K2DGA55,2026,2.5T Advanced,4,479285,Sport Utility,AWD w/Tech Pkg 5P
3.5t Advanced With-Technology Package Awd 7-Passenger,ALL_WHEEL_DRIVE,GENESIS,V8CW7K3BGA55,2026,3.5T Advanced,4,479286,Sport Utility,AWD w/Tech Pkg 7P
3.5t Prestige Awd 7-Passenger,ALL_WHEEL_DRIVE,GENESIS,V8CW7K3BGP00,2026,3.5T Prestige,4,479287,Sport Utility,AWD 7P
3.5t Prestige Awd 7-Passenger Black-Package,ALL_WHEEL_DRIVE,GENESIS,V8CW7K3BGPBL,2026,3.5T Prestige Black,4,479288,Sport Utility,AWD 7P
3.5t E-Sc Awd,ALL_WHEEL_DRIVE,GENESIS,V8CC7K3BGP00,2026,3.5T e-SC,4,479433,Sport Utility,AWD
3.5t E-Sc Prestige Black-Package Awd,ALL_WHEEL_DRIVE,GENESIS,V8CC7K3BGPBL,2026,3.5T e-SC Prestige Black,4,479434,Sport Utility,AWD
