Year,ModelNumber,Model,Trim,Source_sheets,Fixed_model,Tags
2026,ELCS4V2BES00,Elantra,Essential,2026,Elantra,Essential
2026,ELCS4V2BPR00,Elantra,Preferred,2026,Elantra,Preferred
2026,ELCS4V2BPRTE,Elantra,with Tech Pkg,2026,Elantra,"Pkg, Tech"
2026,ELCS4V2BLU00,Elantra,Luxury,2026,Elantra,Luxury
2026,ELCS4V2BLUME,Elantra,Luxury (Two-Tone Interior),2026,Elantra,Luxury
2026,ELCS4U1ANLUL,Elantra,N-Line Ultimate,2026,Elantra,"N-line, Ultimate"
2026,ELHS4T1BLUHE,Elantra Hev,HEV Luxury,2026,Elantra,"Hybrid, Luxury"
2026,ELHS4T1BLUHM,Elantra Hev,HEV Luxury (Two-Tone Interior),2026,Elantra,"Hybrid, Luxury"
2026,ELCS472ANN00,Elantra N,Manual,2026,Elantra,"Manual, N"
2026,ELCS4M2ANN00,Elantra N,DCT,2026,Elantra,"Dct, N"
2026,ELCS472ANNTC,Elantra N,TCR Manual,2026,Elantra,"Manual, N"
2026,ELCS4M2ANNTC,Elantra N,TCR DCT,2026,Elantra,"Dct, N"
2026,SOCS4M2DNL00,Sonata,N Line Ultimate FWD,2026,Sonata,"Fwd, N, Ultimate"
2026,SOCS4K2EPRTR,Sonata,Preferred-Trend AWD,2026,Sonata,Awd
2026,SHHS4F2FPRTH,Sonata Hybrid,Preferred-Trend FWD,2026,Sonata,"Fwd, Hybrid"
2026,VNCW5V1FES00,Venue,Essential IVT,2026,Venue,"Essential, Ivt"
2026,VNCW5V1FESTT,Venue,Essential IVT w/Two-Tone,2026,Venue,"Essential, Ivt"
2026,VNCW5V1FPR00,Venue,Preferred IVT,2026,Venue,"Ivt, Preferred"
2026,VNCW5V1FPRTT,Venue,Preferred IVT w/Two-Tone,2026,Venue,"Ivt, Preferred"
2026,VNCW5V1FUL00,Venue,Ultimate IVT w/Black Interior,2026,Venue,"Black, Ivt, Ultimate"
2026,VNCW5V1FULCP,Venue,Ultimate IVT w/Denim Interior,2026,Venue,"Ivt, Ultimate"
2026,KOCW5V2BES00,Kona,2.0L Essential FWD,2026,Kona,"2.0l, Essential, Fwd"
2026,KOCW5Q2BES00,Kona,2.0L Essential AWD,2026,Kona,"2.0l, Awd, Essential"
2026,KOCW5V2BPR00,Kona,2.0L Preferred FWD,2026,Kona,"2.0l, Fwd, Preferred"
2026,KOCW5Q2BPR00,Kona,2.0L Preferred AWD,2026,Kona,"2.0l, Awd, Preferred"
2026,KOCW5Q2BPRTR,Kona,2.0L Preferred AWD w/Trend Package,2026,Kona,"2.0l, Awd, Preferred, Trend"
2026,KOCW5K1ANL00,Kona,1.6T N Line AWD,2026,Kona,"Awd, N"
2026,KOCW5K1ANLTT,Kona,1.6T N Line AWD w/Two-Tone Roof,2026,Kona,"Awd, N"
2026,KOCW5K1ANLUL,Kona,1.6T N Line Ultimate AWD,2026,Kona,"Awd, N, Ultimate"
2026,KOCW5K1ANLBA,Kona,1.6T N Line Ultimate AWD w/Two-Tone Roof,2026,Kona,"Awd, N, Ultimate"
2026,KEEW5ZE4PR00,Kona EV,Preferred,2026,Kona Ev,Preferred
2026,KEEW5ZE4PRTR,Kona EV,Preferred w/ Trend Pkg,2026,Kona Ev,"Pkg, Preferred, Trend"
2026,KEEW5ZE4PRUP,Kona EV,Pref w/Ult Pkg,2026,Kona Ev,"Pkg, Preferred, Ult"
2026,KEEW5ZE4PRUT,Kona EV,Pref w/Ult Pkg Two Tone,2026,Kona Ev,"Pkg, Preferred, Ult"
2026,TUCWDK2EPR00,Tucson,Preferred AWD,2026,Tucson,"Awd, Preferred"
2026,TUCWDK2EPRTR,Tucson,Preferred AWD w/Trend Pkg,2026,Tucson,"Awd, Pkg, Preferred, Trend"
2026,TUCWDK2EPM00,Tucson,Preferred AWD,2026,Tucson,"Awd, Preferred"
2026,TUCWDK2EPMTM,Tucson,Preferred AWD w/Trend Pkg,2026,Tucson,"Awd, Pkg, Preferred, Trend"
2026,TUHWDG1ANLHE,Tucson Hybrid,N-Line AWD,2026,Tucson,"Awd, Hybrid, N-line"
2026,TUHWDG1AULHE,Tucson Hybrid,Ultimate AWD,2026,Tucson,"Awd, Hybrid, Ultimate"
2026,TUPWDG1AULPH,Tucson Plug-In Hybrid,Ultimate AWD,2026,Tucson,"Awd, Hybrid, Plug-in, Ultimate"
2026,SAHW7G1APRHE,Santa Fe,1.6T Preferred Hybrid AWD 7-Pass,2026,Santa Fe,"Awd, Hybrid, Preferred"
2026,SAHW7G1APRTH,Santa Fe,1.6T Preferred Hybrid w/Trend Pkg AWD 7-Pass,2026,Santa Fe,"Awd, Hybrid, Pkg, Preferred, Trend"
2026,SAHW7G1ALUHE,Santa Fe,1.6T Luxury Hybrid AWD 7-Pass,2026,Santa Fe,"Awd, Hybrid, Luxury"
2026,SAHW6G1AULBG,Santa Fe,1.6T Ultimate Calligraphy Hybrid AWD 6-Pass,2026,Santa Fe,"Awd, Calligraphy, Hybrid, Ultimate"
2026,SAHW6G1AULBH,Santa Fe,1.6T Ultimate Calligraphy Hybrid AWD 6-Pass Beige,2026,Santa Fe,"Awd, Calligraphy, Hybrid, Ultimate"
2026,PACW8K3FPRTR,Palisade,3.5L Preferred Trend 8-Pass,2026,Palisade,"Preferred, Trend"
2026,PACW7K3FXP00,Palisade,3.5L XRT PRO 7-Pass,2026,Palisade,Xrt
2026,PACW7K3FULCA,Palisade,3.5L Ultimate Calligraphy 7-Pass,2026,Palisade,"Calligraphy, Ultimate"
2026,PAHW8G2DLU8H,Palisade,2.5T Luxury HEV 8-Pass,2026,Palisade,"2.5t, Hybrid, Luxury"
2026,PAHW7G2DLU7H,Palisade,2.5T Luxury HEV 7-Pass,2026,Palisade,"2.5t, Hybrid, Luxury"
2026,PAHW7G2DULCH,Palisade,2.5T Ultimate Calligraphy HEV 7-Pass,2026,Palisade,"2.5t, Calligraphy, Hybrid, Ultimate"
2026,I5EW5ZE4PRLR,Ioniq 5,Preferred RWD Long Range,2026,Ioniq 5,"Long, Preferred, Range"
2026,I5EW5ZE2PRLR,Ioniq 5,Preferred AWD Long Range,2026,Ioniq 5,"Awd, Long, Preferred, Range"
2026,I5EW5ZE2PRUP,Ioniq 5,Preferred AWD Long Range w/Ultimate Pkg,2026,Ioniq 5,"Awd, Long, Pkg, Preferred, Range, Ultimate"
2026,I9EW7ZE4ES00,Ioniq 9,Essential RWD,2026,Ioniq 9,Essential
2026,I9EW7ZE2PR00,Ioniq 9,Preferred AWD,2026,Ioniq 9,"Awd, Preferred"
2026,I9EW7ZE1PR00,Ioniq 9,Preferred + AWD,2026,Ioniq 9,"Awd, Preferred"
2026,I9EW7ZE2PRLP,Ioniq 9,Preferred AWD w/Luxury Pkg,2026,Ioniq 9,"Awd, Luxury, Pkg, Preferred"
2026,I9EW6ZE1PRBG,Ioniq 9,Preferred + AWD w/Ultimate Calligraphy Pkg,2026,Ioniq 9,"Awd, Calligraphy, Pkg, Preferred, Ultimate"
2025,ELCS4V2BES00,Elantra,Essential,2025,Elantra,Essential
2025,ELCS4V2BPR00,Elantra,Preferred,2025,Elantra,Preferred
2025,ELCS4V2BPRTE,Elantra,with Tech Pkg,2025,Elantra,"Pkg, Tech"
2025,ELCS4V2BLU00,Elantra,Luxury,2025,Elantra,Luxury
2025,ELCS4V2BLUME,Elantra,Luxury (Two-Tone Interior),2025,Elantra,Luxury
2025,ELCS4U1ANLUL,Elantra,N-Line Ultimate,2025,Elantra,"N-line, Ultimate"
2025,ELHS4T1BLUHE,Elantra Hev,HEV Luxury,2025,Elantra,"Hybrid, Luxury"
2025,ELHS4T1BLUHM,Elantra Hev,HEV Luxury (Two-Tone Interior),2025,Elantra,"Hybrid, Luxury"
2025,ELCS472ANN00,Elantra N,N M/T,2025,Elantra,N
2025,ELCS4M2ANN00,Elantra N,N DCT,2025,Elantra,"Dct, N"
2025,SOCS4J2EPRTR,Sonata,Preferred-Trend FWD,2025,Sonata,Fwd
2025,SOCS4K2EPRTR,Sonata,Preferred-Trend AWD,2025,Sonata,Awd
2025,SOCS4M2DNL00,Sonata,N-Line,2025,Sonata,N-line
2025,VNCW5V1FES00,Venue,Essential,2025,Venue,Essential
2025,VNCW5V1FESTT,Venue,Essential (Two-tone),2025,Venue,Essential
2025,VNCW5V1FPR00,Venue,Preferred,2025,Venue,Preferred
2025,VNCW5V1FPRTT,Venue,Preferred (Two-tone),2025,Venue,Preferred
2025,VNCW5V1FULCP,Venue,Ultimate - Denim interior,2025,Venue,Ultimate
2025,VNCW5V1FUL00,Venue,Ultimate - Black interior,2025,Venue,"Black, Ultimate"
2025,KOCW5V2BES00,Kona,2.0L Essential FWD,2025,Kona,"2.0l, Essential, Fwd"
2025,KOCW5Q2BES00,Kona,2.0L Essential AWD,2025,Kona,"2.0l, Awd, Essential"
2025,KOCW5V2BPR00,Kona,2.0L Preferred FWD,2025,Kona,"2.0l, Fwd, Preferred"
2025,KOCW5Q2BPR00,Kona,2.0L Preferred AWD,2025,Kona,"2.0l, Awd, Preferred"
2025,KOCW5Q2BPRTR,Kona,2.0L Preferred AWD with Trend Pkg,2025,Kona,"2.0l, Awd, Pkg, Preferred, Trend"
2025,KOCW5K1APRSP,Kona,1.6T Preferred Sport AWD,2025,Kona,"Awd, Preferred, Sport"
2025,KOCW5K1ANL00,Kona,1.6T N Line AWD,2025,Kona,"Awd, N"
2025,KOCW5K1ANLTT,Kona,1.6T N Line AWD w/ Two-tone,2025,Kona,"Awd, N"
2025,KOCW5K1ANLUL,Kona,1.6T N Line Ultimate AWD,2025,Kona,"Awd, N, Ultimate"
2025,KOCW5K1ANLBA,Kona,1.6T N Line Ultimate AWD w/ Two-tone,2025,Kona,"Awd, N, Ultimate"
2025,KEEW5ZE4PR00,Kona Ev,Preferred,2025,Kona Ev,Preferred
2025,KEEW5ZE4PRTR,Kona Ev,Preferred with Trend Pkg,2025,Kona Ev,"Pkg, Preferred, Trend"
2025,KEEW5ZE4PRUP,Kona Ev,Preferred with Ultimate Pkg,2025,Kona Ev,"Pkg, Preferred, Ultimate"
2025,KEEW5ZE4PRUT,Kona Ev,Preferred with Ultimate Pkg with two tone,2025,Kona Ev,"Pkg, Preferred, Ultimate"
2025,KEEW5ZE4PRUG,Kona Ev,Preferred with Ultimate Pkg Green Interior,2025,Kona Ev,"Pkg, Preferred, Ultimate"
2025,KEEW5ZE4PRNU,Kona Ev,Preferred N-Line with Ultimate Pk,2025,Kona Ev,"N-line, Preferred, Ultimate"
2025,KE2SEFEME400,Kona Ev,Ultimate,2025,Kona Ev,Ultimate
2025,KE2SEFEME466,Kona Ev,Ultimate w/Two-Tone Interior,2025,Kona Ev,Ultimate
2025,KE2SEFEME4BF,Kona Ev,Ultimate w/Sage-Green Interior,2025,Kona Ev,Ultimate
2025,KE2SEFEMEO20,Kona Ev,N Line Ultimate,2025,Kona Ev,"N, Ultimate"
2025,TUCWDK2EPM00,Tucson,Preferred,2025,Tucson,Preferred
2025,TUCWDK2EPR00,Tucson,Preferred,2025,Tucson,Preferred
2025,TUCWDK2EPMTM,Tucson,Preferred,2025,Tucson,Preferred
2025,TUCWDK2EPRTR,Tucson,Trend,2025,Tucson,Trend
2025,TUCWDK2EXR00,Tucson,XRT,2025,Tucson,Xrt
2025,TUHWDG1ANLHE,Tucson Hev,N Line HEV,2025,Tucson,"Hybrid, N"
2025,TUHWDG1AULHE,Tucson Hev,Ultimate HEV,2025,Tucson,"Hybrid, Ultimate"
2025,TUPWDG1AULPH,Tucson Phev,Ultimate PHEV,2025,Tucson,"Plug-in Hybrid, Ultimate"
2025,SAHW7G1APRHE,Santa Fe,1.6T Preferred Hybrid AWD 7-Pass,2025,Santa Fe,"Awd, Hybrid, Preferred"
2025,SAHW7G1APRTH,Santa Fe,1.6T Preferred Hybrid w/Trend Pkg AWD 7-Pass,2025,Santa Fe,"Awd, Hybrid, Pkg, Preferred, Trend"
2025,SACW7N2DXR00,Santa Fe,2.5T XRT AWD 7-Pass,2025,Santa Fe,"2.5t, Awd, Xrt"
2025,SACW7N2DLU00,Santa Fe,2.5T Luxury AWD 7-pass,2025,Santa Fe,"2.5t, Awd, Luxury"
2025,SACW6N2DULBG,Santa Fe,2.5T Ultimate Calligraphy AWD 6-Pass,2025,Santa Fe,"2.5t, Awd, Calligraphy, Ultimate"
2025,SACW6N2DULBH,Santa Fe,2.5T Ultimate Calligraphy AWD 6-Pass Beige,2025,Santa Fe,"2.5t, Awd, Calligraphy, Ultimate"
2025,SZCP5N2DPR00,Santa Cruz,2.5T Preferred AWD,2025,Santa Cruz,"2.5t, Awd, Preferred"
2025,SZCP5N2DXR00,Santa Cruz,2.5T XRT,2025,Santa Cruz,"2.5t, Xrt"
2025,SZCP5N2DUL00,Santa Cruz,Ultimate AWD,2025,Santa Cruz,"Awd, Ultimate"
2025,SZCP5N2DUL95,Santa Cruz,2.5T Ultimate AWD w/ Colour Pack,2025,Santa Cruz,"2.5t, Awd, Ultimate"
2025,PACW8K3DPR00,Palisade,Preferred,2025,Palisade,Preferred
2025,PACW8K3DUR00,Palisade,Urban 8 Passenger,2025,Palisade,Urban
2025,PACW7K3DUR91,Palisade,Urban 7 Passenger,2025,Palisade,Urban
2025,PACW7K3DULC7,Palisade,Ultimate Calligraphy,2025,Palisade,"Calligraphy, Ultimate"
2025,PACW7K3DULCB,Palisade,Ultimate Calligraphy (Beige Interior),2025,Palisade,"Calligraphy, Ultimate"
2025,PACW7K3DULCN,Palisade,Calligraphy Night,2025,Palisade,"Calligraphy, Night"
2025,I5EW5ZE4PRLR,Ioniq 5,Preferred RWD Long Range,2025,Ioniq 5,"Long, Preferred, Range"
2025,I5EW5ZE2PRLR,Ioniq 5,Preferred AWD Long Range,2025,Ioniq 5,"Awd, Long, Preferred, Range"
2025,I5EW5ZE2PRUP,Ioniq 5,Preferred AWD Long Range w/Ultimate Pkg,2025,Ioniq 5,"Awd, Long, Pkg, Preferred, Range, Ultimate"
2025,I5EW5ZE4PRPR,Ioniq 5,Preferred RWD Standard Range,2025,Ioniq 5,"Preferred, Range"
2025,I6ES4ZE4PRLR,Ioniq 6,Preferred RWD Long Range,2025,Ioniq 6,"Long, Preferred, Range"
2025,I6ES4ZE2PRLR,Ioniq 6,Preferred AWD Long Range,2025,Ioniq 6,"Awd, Long, Preferred, Range"
2025,I6ES4ZE2PRUP,Ioniq 6,Preferred AWD Long Range with Ultimate Package,2025,Ioniq 6,"Awd, Long, Preferred, Range, Ultimate"
2025,I5EW5ZE3NN00,Ioniq 5 N,Ioniq 5 N,2025,Ioniq 5,N
2025,NXFW5ZH1PR00,Nexo,Preferred FWD,2025,Nexo,"Fwd, Preferred"
2025,NXFW5ZH1UL00,Nexo,Ultimate FWD,2025,Nexo,"Fwd, Ultimate"
2025,EL74IF20A100,Elantra,Essential,2025 (old),Elantra,Essential
2025,EL74IF20A200,Elantra,Preferred,2025 (old),Elantra,Preferred
2025,EL74IF20A283,Elantra,with Tech Pkg,2025 (old),Elantra,"Pkg, Tech"
2025,EL74IF20A300,Elantra,Luxury,2025 (old),Elantra,Luxury
2025,EL74IF20A354,Elantra,Luxury (Two-Tone Interior),2025 (old),Elantra,Luxury
2025,EL74DF16DO20,Elantra,N-Line Ultimate,2025 (old),Elantra,"N-line, Ultimate"
2025,EL74DF16I3AA,Elantra Hev,HEV Luxury,2025 (old),Elantra,"Hybrid, Luxury"
2025,EL74DF16I3AC,Elantra Hev,HEV Luxury (Two-Tone Interior),2025 (old),Elantra,"Hybrid, Luxury"
2025,EL74MF20DX39,Elantra N,N M/T,2025 (old),Elantra,N
2025,EL74DF20DX39,Elantra N,N DCT,2025 (old),Elantra,"Dct, N"
2025,SO84AF25B241,Sonata,Preferred-Trend FWD,2025 (old),Sonata,Fwd
2025,SO84DF25DO00,Sonata,Preferred-Trend AWD,2025 (old),Sonata,Awd
2025,SO84AA25B241,Sonata,N-Line,2025 (old),Sonata,N-line
2025,VN1SIF16A100,Venue,Essential,2025 (old),Venue,Essential
2025,VN1SIF16A166,Venue,Essential (Two-tone),2025 (old),Venue,Essential
2025,VN1SIF16A200,Venue,Preferred,2025 (old),Venue,Preferred
2025,VN1SIF16A266,Venue,Preferred (Two-tone),2025 (old),Venue,Preferred
2025,VN1SIF16A489,Venue,Ultimate - Denim interior,2025 (old),Venue,Ultimate
2025,VN1SIF16A400,Venue,Ultimate - Black interior,2025 (old),Venue,"Black, Ultimate"
2025,KO2SAF20A100,Kona,2.0L Essential FWD,2025 (old),Kona,"2.0l, Essential, Fwd"
2025,KO2SAA20A100,Kona,2.0L Essential AWD,2025 (old),Kona,"2.0l, Awd, Essential"
2025,KO2SAF20A200,Kona,2.0L Preferred FWD,2025 (old),Kona,"2.0l, Fwd, Preferred"
2025,KO2SAA20A200,Kona,2.0L Preferred AWD,2025 (old),Kona,"2.0l, Awd, Preferred"
2025,KO2SAA20A241,Kona,2.0L Preferred AWD with Trend Pkg,2025 (old),Kona,"2.0l, Awd, Pkg, Preferred, Trend"
2025,KO2SAA16D260,Kona,1.6T Preferred Sport AWD,2025 (old),Kona,"Awd, Preferred, Sport"
2025,KO2SAA16DO00,Kona,1.6T N Line AWD,2025 (old),Kona,"Awd, N"
2025,KO2SAA16DO66,Kona,1.6T N Line AWD w/ Two-tone,2025 (old),Kona,"Awd, N"
2025,KO2SAA16DO20,Kona,1.6T N Line Ultimate AWD,2025 (old),Kona,"Awd, N, Ultimate"
2025,KO2SAA16DOBA,Kona,1.6T N Line Ultimate AWD w/ Two-tone,2025 (old),Kona,"Awd, N, Ultimate"
2025,KE2SEFEME200,Kona Ev,Preferred,2025 (old),Kona Ev,Preferred
2025,KE2SEFEME241,Kona Ev,Preferred with Trend Pkg,2025 (old),Kona Ev,"Pkg, Preferred, Trend"
2025,KE2SEFEME2AV,Kona Ev,Preferred with Ultimate Pkg,2025 (old),Kona Ev,"Pkg, Preferred, Ultimate"
2025,KE2SEFEME2BM,Kona Ev,Preferred with Ultimate Pkg with two tone,2025 (old),Kona Ev,"Pkg, Preferred, Ultimate"
2025,KE2SEFEME2BN,Kona Ev,Preferred with Ultimate Pkg Green Interior,2025 (old),Kona Ev,"Pkg, Preferred, Ultimate"
2025,KE2SEFEME2BO,Kona Ev,Preferred N-Line with Ultimate Pk,2025 (old),Kona Ev,"N-line, Preferred, Ultimate"
2025,TU4SAA25B200,Tucson,Preferred,2025 (old),Tucson,Preferred
2025,TU4SAA25B241,Tucson,Trend,2025 (old),Tucson,Trend
2025,TU4SAA25BN00,Tucson,XRT,2025 (old),Tucson,Xrt
2025,TU4SAA16GOAA,Tucson Hev,N Line HEV,2025 (old),Tucson,"Hybrid, N"
2025,TU4SAA16G4AA,Tucson Hev,Ultimate HEV,2025 (old),Tucson,"Hybrid, Ultimate"
2025,TU4SAA16J4AB,Tucson Phev,Ultimate PHEV,2025 (old),Tucson,"Plug-in Hybrid, Ultimate"
2025,SA5SAA16G2AA,Santa Fe,1.6T Preferred Hybrid AWD 7-Pass,2025 (old),Santa Fe,"Awd, Hybrid, Preferred"
2025,SA5SAA16G2AD,Santa Fe,1.6T Preferred Hybrid w/Trend Pkg AWD 7-Pass,2025 (old),Santa Fe,"Awd, Hybrid, Pkg, Preferred, Trend"
2025,SA5SDA25DN00,Santa Fe,2.5T XRT AWD 7-Pass,2025 (old),Santa Fe,"2.5t, Awd, Xrt"
2025,SA5SDA25D300,Santa Fe,2.5T Luxury AWD 7-pass,2025 (old),Santa Fe,"2.5t, Awd, Luxury"
2025,SA5SDA25D4BG,Santa Fe,2.5T Ultimate Calligraphy AWD 6-Pass,2025 (old),Santa Fe,"2.5t, Awd, Calligraphy, Ultimate"
2025,SA5SDA25D4BH,Santa Fe,2.5T Ultimate Calligraphy AWD 6-Pass Beige,2025 (old),Santa Fe,"2.5t, Awd, Calligraphy, Ultimate"
2025,SZ1SDA25D200,Santa Cruz,2.5T Preferred AWD,2025 (old),Santa Cruz,"2.5t, Awd, Preferred"
2025,SZ1SDA25DN00,Santa Cruz,2.5T XRT,2025 (old),Santa Cruz,"2.5t, Xrt"
2025,SZ1SDA25D400,Santa Cruz,Ultimate AWD,2025 (old),Santa Cruz,"Awd, Ultimate"
2025,SZ1SDA25D495,Santa Cruz,2.5T Ultimate AWD w/ Colour Pack,2025 (old),Santa Cruz,"2.5t, Awd, Ultimate"
2025,PA1LAA38B200,Palisade,Preferred,2025 (old),Palisade,Preferred
2025,PA1LAA38BY00,Palisade,Urban 8 Passenger,2025 (old),Palisade,Urban
2025,PA1LAA38BY91,Palisade,Urban 7 Passenger,2025 (old),Palisade,Urban
2025,PA1LAA38B477,Palisade,Ultimate Calligraphy,2025 (old),Palisade,"Calligraphy, Ultimate"
2025,PA1LAA38B478,Palisade,Ultimate Calligraphy (Beige Interior),2025 (old),Palisade,"Calligraphy, Ultimate"
2025,PA1LAA38B4BJ,Palisade,Calligraphy Night,2025 (old),Palisade,"Calligraphy, Night"
2025,I51SEREME2AK,Ioniq 5,Preferred RWD Long Range,2025 (old),Ioniq 5,"Long, Preferred, Range"
2025,I51SEAEME2AK,Ioniq 5,Preferred AWD Long Range,2025 (old),Ioniq 5,"Awd, Long, Preferred, Range"
2025,I51SEAEME2AV,Ioniq 5,Preferred AWD Long Range w/Ultimate Pkg,2025 (old),Ioniq 5,"Awd, Long, Pkg, Preferred, Range, Ultimate"
2025,I51SEREME242,Ioniq 5,Preferred RWD Standard Range,2025 (old),Ioniq 5,"Preferred, Range"
2025,I614EREME2AK,Ioniq 6,Preferred RWD Long Range,2025 (old),Ioniq 6,"Long, Preferred, Range"
2025,I614EAEME2AK,Ioniq 6,Preferred AWD Long Range,2025 (old),Ioniq 6,"Awd, Long, Preferred, Range"
2025,I614EAEME2AV,Ioniq 6,Preferred AWD Long Range with Ultimate Package,2025 (old),Ioniq 6,"Awd, Long, Preferred, Range, Ultimate"
2025,I51SEAEMEX39,Ioniq 5 N,Ioniq 5 N,2025 (old),Ioniq 5,N
2025,NX1SEFEMF200,Nexo,Preferred FWD,2025 (old),Nexo,"Fwd, Preferred"
2025,NX1SEFEMF400,Nexo,Ultimate FWD,2025 (old),Nexo,"Fwd, Ultimate"
2024,ELCS4V2BES00,Elantra,Essential IVT,2024,Elantra,"Essential, Ivt"
2024,ELCS4V2BPR00,Elantra,Preferred IVT,2024,Elantra,"Ivt, Preferred"
2024,ELCS4V2BPRTE,Elantra,Preferred with Sun & Tech Pkg IVT,2024,Elantra,"Ivt, Pkg, Preferred, Tech"
2024,ELCS4V2BLU00,Elantra,Luxury IVT,2024,Elantra,"Ivt, Luxury"
2024,ELCS4V2BLUME,Elantra,Luxury IVT (Two Tone Interior),2024,Elantra,"Ivt, Luxury"
2024,ELCS4U1ANLUL,Elantra,N-Line DCT,2024,Elantra,"Dct, N-line"
2024,ELHS4T1BLUHE,Elantra Hev,Hybrid Luxury,2024,Elantra,"Hybrid, Luxury"
2024,ELHS4T1BLUHM,Elantra Hev,Hybrid Luxury (Two-Tone Interior),2024,Elantra,"Hybrid, Luxury"
2024,ELCS472ANN00,Elantra N,Elantra N MT,2024,Elantra,N
2024,ELCS4M2ANN00,Elantra N,Elantra N DCT,2024,Elantra,"Dct, N"
2024,SOCS4J2EPRTR,Sonata,Preferred-Trend FWD,2024,Sonata,Fwd
2024,SOCS4K2EPRTR,Sonata,Preferred-Trend AWD,2024,Sonata,Awd
2024,SOCS4M2DNL00,Sonata,N-Line,2024,Sonata,N-line
2024,VNCW5V1FES00,Venue,Essential,2024,Venue,Essential
2024,VNCW5V1FESTT,Venue,Essential (Two-tone),2024,Venue,Essential
2024,VNCW5V1FPR00,Venue,Preferred,2024,Venue,Preferred
2024,VNCW5V1FPRTT,Venue,Preferred (Two-tone),2024,Venue,Preferred
2024,VNCW5V1FULCP,Venue,Ultimate - Denim interior,2024,Venue,Ultimate
2024,VNCW5V1FUL00,Venue,Ultimate - Black interior,2024,Venue,"Black, Ultimate"
2024,KOCW5V2BES00,Kona,2.0L Essential FWD,2024,Kona,"2.0l, Essential, Fwd"
2024,KOCW5Q2BES00,Kona,2.0L Essential AWD,2024,Kona,"2.0l, Awd, Essential"
2024,KOCW5V2BPR00,Kona,2.0L Preferred FWD,2024,Kona,"2.0l, Fwd, Preferred"
2024,KOCW5Q2BPR00,Kona,2.0L Preferred AWD,2024,Kona,"2.0l, Awd, Preferred"
2024,KOCW5Q2BPRTR,Kona,2.0L Preferred AWD with Trend Pkg,2024,Kona,"2.0l, Awd, Pkg, Preferred, Trend"
2024,KOCW5K1ANL00,Kona,1.6T N Line AWD,2024,Kona,"Awd, N"
2024,KOCW5K1ANLTT,Kona,1.6T N Line AWD w/ Two-tone,2024,Kona,"Awd, N"
2024,KOCW5K1ANLUL,Kona,1.6T N Line Ultimate AWD,2024,Kona,"Awd, N, Ultimate"
2024,KOCW5K1ANLBA,Kona,1.6T N Line Ultimate AWD w/ Two-tone,2024,Kona,"Awd, N, Ultimate"
2024,KEEW5ZE4PR00,Kona Ev,Preferred,2024,Kona Ev,Preferred
2024,KEEW5ZE4UL00,Kona Ev,Ultimate,2024,Kona Ev,Ultimate
2024,KEEW5ZE4ULTT,Kona Ev,Ultimate w/ Two-tone Ext.,2024,Kona Ev,Ultimate
2024,KEEW5ZE4ULBF,Kona Ev,Ultimate w/ Sage-Green Int.,2024,Kona Ev,Ultimate
2024,TUCWDK2EPR00,Tucson,Preferred,2024,Tucson,Preferred
2024,TUCWDK2EPRTR,Tucson,Trend,2024,Tucson,Trend
2024,TUHWDG1ALUHE,Tucson Hev,Luxury HEV,2024,Tucson,"Hybrid, Luxury"
2024,TUHWDG1ANLHE,Tucson Hev,N-Line HEV,2024,Tucson,"Hybrid, N-line"
2024,TUHWDG1AULHE,Tucson Hev,Ultimate HEV,2024,Tucson,"Hybrid, Ultimate"
2024,TUPWDG1AULPH,Tucson Phev,Ultimate PHEV,2024,Tucson,"Plug-in Hybrid, Ultimate"
2024,SAHW7G1APRHE,Santa Fe Hybrid,1.6T Preferred Hybrid AWD 7-Pass,2024,Santa Fe,"Awd, Hybrid, Preferred"
2024,SAHW7G1APRTH,Santa Fe Hybrid,1.6T Preferred Hybrid w/Trend Pkg AWD 7-Pass,2024,Santa Fe,"Awd, Hybrid, Pkg, Preferred, Trend"
2024,SAHW6G1AULCS,Santa Fe Hybrid,1.6T Ultimate Calligraphy HEV 6P Special Edition (NHL),2024,Santa Fe,"Calligraphy, Hybrid, Nhl, Ultimate"
2024,SACW7N2DXR00,Santa Fe,2.5T XRT AWD 7-Pass,2024,Santa Fe,"2.5t, Awd, Xrt"
2024,SACW7N2DLU00,Santa Fe,2.5T Luxury AWD 7-pass,2024,Santa Fe,"2.5t, Awd, Luxury"
2024,SACW6N2DULBG,Santa Fe,2.5T Ultimate Calligraphy AWD 6-Pass,2024,Santa Fe,"2.5t, Awd, Calligraphy, Ultimate"
2024,SACW6N2DULBH,Santa Fe,2.5T Ultimate Calligraphy AWD 6-Pass Beige,2024,Santa Fe,"2.5t, Awd, Calligraphy, Ultimate"
2024,SZCP5N2DPR00,Santa Cruz,Preferred RSAB,2024,Santa Cruz,Preferred
2024,SZCP5N2DPRTR,Santa Cruz,Trend RSAB,2024,Santa Cruz,Trend
2024,SZCP5N2DUL00,Santa Cruz,Ultimate RSAB,2024,Santa Cruz,Ultimate
2024,SZCP5N2DUL95,Santa Cruz,Ultimate w/ Colour pkg RSAB,2024,Santa Cruz,"Pkg, Ultimate"
2024,SZCP5N2DPRBB,Santa Cruz,Preferred AWD,2024,Santa Cruz,"Awd, Preferred"
2024,SZCP5N2DPRBC,Santa Cruz,Preferred AWD w/Trend,2024,Santa Cruz,"Awd, Preferred, Trend"
2024,SZCP5N2DULBB,Santa Cruz,Ultimate AWD,2024,Santa Cruz,"Awd, Ultimate"
2024,SZCP5N2DULBD,Santa Cruz,Ultimate AWD w/ Colour Pack,2024,Santa Cruz,"Awd, Ultimate"
2024,PACW8K3DPR00,Palisade,Preferred AWD,2024,Palisade,"Awd, Preferred"
2024,PACW8K3DUR00,Palisade,Urban AWD 8-Pass,2024,Palisade,"Awd, Urban"
2024,PACW7K3DUR91,Palisade,Urban AWD 7-Pass,2024,Palisade,"Awd, Urban"
2024,PACW7K3DULC7,Palisade,Ultimate Calligraphy AWD,2024,Palisade,"Awd, Calligraphy, Ultimate"
2024,PACW7K3DULCB,Palisade,Ultimate Calligraphy AWD (Beige Int.),2024,Palisade,"Awd, Calligraphy, Ultimate"
2024,I5EW5ZE4PRLR,Ioniq 5,Preferred Long Range,2024,Ioniq 5,"Long, Preferred, Range"
2024,I5EW5ZE2PRLR,Ioniq 5,Preferred AWD Long Range,2024,Ioniq 5,"Awd, Long, Preferred, Range"
2024,I5EW5ZE2PRLP,Ioniq 5,Preferred AWD Long Range with Luxury package,2024,Ioniq 5,"Awd, Long, Luxury, Preferred, Range"
2024,I5EW5ZE2PRUP,Ioniq 5,Preferred AWD Long Range with Ultimate package,2024,Ioniq 5,"Awd, Long, Preferred, Range, Ultimate"
2024,I6ES4ZE4PRLR,Ioniq 6,Preferred RWD Long Range,2024,Ioniq 6,"Long, Preferred, Range"
2024,I6ES4ZE2PRLR,Ioniq 6,Preferred AWD Long Range,2024,Ioniq 6,"Awd, Long, Preferred, Range"
2024,I6ES4ZE4PRUP,Ioniq 6,Preferred RWD Long Range with Ultimate Package,2024,Ioniq 6,"Long, Preferred, Range, Ultimate"
2024,I6ES4ZE2PRUP,Ioniq 6,Preferred AWD Long Range with Ultimate Package,2024,Ioniq 6,"Awd, Long, Preferred, Range, Ultimate"
2024,NXFW5ZH1PR00,Nexo,Preferred FWD,2024,Nexo,"Fwd, Preferred"
2024,NXFW5ZH1UL00,Nexo,Ultimate FWD,2024,Nexo,"Fwd, Ultimate"
2024,EL74IF20A100,Elantra,Essential IVT,2024 (old),Elantra,"Essential, Ivt"
2024,EL74IF20A200,Elantra,Preferred IVT,2024 (old),Elantra,"Ivt, Preferred"
2024,EL74IF20A283,Elantra,Preferred with Sun & Tech Pkg IVT,2024 (old),Elantra,"Ivt, Pkg, Preferred, Tech"
2024,EL74IF20A300,Elantra,Luxury IVT,2024 (old),Elantra,"Ivt, Luxury"
2024,EL74IF20A354,Elantra,Luxury IVT (Two Tone Interior),2024 (old),Elantra,"Ivt, Luxury"
2024,EL74DF16DO20,Elantra,N-Line DCT,2024 (old),Elantra,"Dct, N-line"
2024,EL74DF16I3AA,Elantra Hev,Hybrid Luxury,2024 (old),Elantra,"Hybrid, Luxury"
2024,EL74DF16I3AC,Elantra Hev,Hybrid Luxury (Two-Tone Interior),2024 (old),Elantra,"Hybrid, Luxury"
2024,EL74MF20DX39,Elantra N,Elantra N MT,2024 (old),Elantra,N
2024,EL74DF20DX39,Elantra N,Elantra N DCT,2024 (old),Elantra,"Dct, N"
2024,SO84AF25B241,Sonata,Preferred-Trend FWD,2024 (old),Sonata,Fwd
2024,SO84AA25B241,Sonata,Preferred-Trend AWD,2024 (old),Sonata,Awd
2024,SO84DF25DO00,Sonata,N-Line,2024 (old),Sonata,N-line
2024,VN1SIF16A100,Venue,Essential,2024 (old),Venue,Essential
2024,VN1SIF16A166,Venue,Essential (Two-tone),2024 (old),Venue,Essential
2024,VN1SIF16A200,Venue,Preferred,2024 (old),Venue,Preferred
2024,VN1SIF16A266,Venue,Preferred (Two-tone),2024 (old),Venue,Preferred
2024,VN1SIF16A489,Venue,Ultimate - Denim interior,2024 (old),Venue,Ultimate
2024,VN1SIF16A400,Venue,Ultimate - Black interior,2024 (old),Venue,"Black, Ultimate"
2024,KO2SAF20A100,Kona,2.0L Essential FWD,2024 (old),Kona,"2.0l, Essential, Fwd"
2024,KO2SAA20A100,Kona,2.0L Essential AWD,2024 (old),Kona,"2.0l, Awd, Essential"
2024,KO2SAF20A200,Kona,2.0L Preferred FWD,2024 (old),Kona,"2.0l, Fwd, Preferred"
2024,KO2SAA20A200,Kona,2.0L Preferred AWD,2024 (old),Kona,"2.0l, Awd, Preferred"
2024,KO2SAA20A241,Kona,2.0L Preferred AWD with Trend Pkg,2024 (old),Kona,"2.0l, Awd, Pkg, Preferred, Trend"
2024,KO2SDA16DO00,Kona,1.6T N Line AWD,2024 (old),Kona,"Awd, N"
2024,KO2SDA16DO66,Kona,1.6T N Line AWD w/ Two-tone,2024 (old),Kona,"Awd, N"
2024,KO2SDA16DO20,Kona,1.6T N Line Ultimate AWD,2024 (old),Kona,"Awd, N, Ultimate"
2024,KO2SAA16DOBA,Kona,1.6T N Line Ultimate AWD w/ Two-tone,2024 (old),Kona,"Awd, N, Ultimate"
2024,KE1SEFEME200,Kona Ev,Preferred,2024 (old),Kona Ev,Preferred
2024,KE1SEFEME400,Kona Ev,Ultimate,2024 (old),Kona Ev,Ultimate
2024,KE2SEFEME466,Kona Ev,Ultimate w/ Two-tone Ext.,2024 (old),Kona Ev,Ultimate
2024,KE2SEFEME4BF,Kona Ev,Ultimate w/ Sage-Green Int.,2024 (old),Kona Ev,Ultimate
2024,TU4SAA25B200,Tucson,Preferred,2024 (old),Tucson,Preferred
2024,TU4SAA25B241,Tucson,Trend,2024 (old),Tucson,Trend
2024,TU4SAA16G3AA,Tucson Hev,Luxury HEV,2024 (old),Tucson,"Hybrid, Luxury"
2024,TU4SAA16GOAA,Tucson Hev,N-Line HEV,2024 (old),Tucson,"Hybrid, N-line"
2024,TU4SAA16G4AA,Tucson Hev,Ultimate HEV,2024 (old),Tucson,"Hybrid, Ultimate"
2024,TU4SAA16J4AB,Tucson Phev,Ultimate PHEV,2024 (old),Tucson,"Plug-in Hybrid, Ultimate"
2024,SA5SAA16G2AA,Santa Fe Hybrid,1.6T Preferred Hybrid AWD 7-Pass,2024 (old),Santa Fe,"Awd, Hybrid, Preferred"
2024,SA5SAA16G2AD,Santa Fe Hybrid,1.6T Preferred Hybrid w/Trend Pkg AWD 7-Pass,2024 (old),Santa Fe,"Awd, Hybrid, Pkg, Preferred, Trend"
2024,SA5SAA16G4BI,Santa Fe Hybrid,1.6T Ultimate Calligraphy HEV 6P Special Edition (NHL),2024 (old),Santa Fe,"Calligraphy, Hybrid, Nhl, Ultimate"
2024,SA5SDA25DN00,Santa Fe,2.5T XRT AWD 7-Pass,2024 (old),Santa Fe,"2.5t, Awd, Xrt"
2024,SA5SDA25D300,Santa Fe,2.5T Luxury AWD 7-pass,2024 (old),Santa Fe,"2.5t, Awd, Luxury"
2024,SA5SDA25D4BG,Santa Fe,2.5T Ultimate Calligraphy AWD 6-Pass,2024 (old),Santa Fe,"2.5t, Awd, Calligraphy, Ultimate"
2024,SA5SDA25D4BH,Santa Fe,2.5T Ultimate Calligraphy AWD 6-Pass Beige,2024 (old),Santa Fe,"2.5t, Awd, Calligraphy, Ultimate"
2024,SZ1SDA25D200,Santa Cruz,Preferred RSAB,2024 (old),Santa Cruz,Preferred
2024,SZ1SDA25D241,Santa Cruz,Trend RSAB,2024 (old),Santa Cruz,Trend
2024,SZ1SDA25D400,Santa Cruz,Ultimate RSAB,2024 (old),Santa Cruz,Ultimate
2024,SZ1SDA25D495,Santa Cruz,Ultimate w/ Colour pkg RSAB,2024 (old),Santa Cruz,"Pkg, Ultimate"
2024,SZ1SDA25D2BB,Santa Cruz,Preferred AWD,2024 (old),Santa Cruz,"Awd, Preferred"
2024,SZ1SDA25D2BC,Santa Cruz,Preferred AWD w/Trend,2024 (old),Santa Cruz,"Awd, Preferred, Trend"
2024,SZ1SDA25D4BB,Santa Cruz,Ultimate AWD,2024 (old),Santa Cruz,"Awd, Ultimate"
2024,SZ1SDA25D4BD,Santa Cruz,Ultimate AWD w/ Colour Pack,2024 (old),Santa Cruz,"Awd, Ultimate"
2024,PA1LAA38B200,Palisade,Preferred AWD,2024 (old),Palisade,"Awd, Preferred"
2024,PA1LAA38BY00,Palisade,Urban AWD 8-Pass,2024 (old),Palisade,"Awd, Urban"
2024,PA1LAA38BY91,Palisade,Urban AWD 7-Pass,2024 (old),Palisade,"Awd, Urban"
2024,PA1LAA38B477,Palisade,Ultimate Calligraphy AWD,2024 (old),Palisade,"Awd, Calligraphy, Ultimate"
2024,PA1LAA38B478,Palisade,Ultimate Calligraphy AWD (Beige Int.),2024 (old),Palisade,"Awd, Calligraphy, Ultimate"
2024,I51SEREME2AK,Ioniq 5,Preferred Long Range,2024 (old),Ioniq 5,"Long, Preferred, Range"
2024,I51SEAEME2AK,Ioniq 5,Preferred AWD Long Range,2024 (old),Ioniq 5,"Awd, Long, Preferred, Range"
2024,I51SEAEME2AZ,Ioniq 5,Preferred AWD Long Range with Luxury package,2024 (old),Ioniq 5,"Awd, Long, Luxury, Preferred, Range"
2024,I51SEAEME2AV,Ioniq 5,Preferred AWD Long Range with Ultimate package,2024 (old),Ioniq 5,"Awd, Long, Preferred, Range, Ultimate"
2024,I614EREME2AK,Ioniq 6,Preferred RWD Long Range,2024 (old),Ioniq 6,"Long, Preferred, Range"
2024,I614EAEME2AK,Ioniq 6,Preferred AWD Long Range,2024 (old),Ioniq 6,"Awd, Long, Preferred, Range"
2024,I614EREME2AV,Ioniq 6,Preferred RWD Long Range with Ultimate Package,2024 (old),Ioniq 6,"Long, Preferred, Range, Ultimate"
2024,I614EAEME2AV,Ioniq 6,Preferred AWD Long Range with Ultimate Package,2024 (old),Ioniq 6,"Awd, Long, Preferred, Range, Ultimate"
2024,NX1SEFEMF200,Nexo,Preferred FWD,2024 (old),Nexo,"Fwd, Preferred"
2024,NX1SEFEMF400,Nexo,Ultimate FWD,2024 (old),Nexo,"Fwd, Ultimate"
2020,AC55MF16A100,Accent,5 Door Essential Manual,CPO 2020,Accent,"Essential, Manual"
2020,AC55IF16A193,Accent,5 Door Essential w/Comfort Package IVT,CPO 2020,Accent,"Essential, Ivt"
2020,AC55MF16A200,Accent,5 Door Preferred Manual,CPO 2020,Accent,"Manual, Preferred"
2020,AC55IF16A200,Accent,5 Door Preferred IVT,CPO 2020,Accent,"Ivt, Preferred"
2020,AC55IF16A400,Accent,5 Door Ultimate IVT,CPO 2020,Accent,"Ivt, Ultimate"
2020,EL64MF20A100,Elantra,Essential Manual,CPO 2020,Elantra,"Essential, Manual"
2020,EL64IF20A100,Elantra,Essential IVT,CPO 2020,Elantra,"Essential, Ivt"
2020,EL64IF20A200,Elantra,Preferred IVT,CPO 2020,Elantra,"Ivt, Preferred"
2020,EL64IF20A265,Elantra,Preferred w/Sun & Safety Package IVT,CPO 2020,Elantra,"Ivt, Preferred"
2020,EL64IF20A300,Elantra,Luxury IVT,CPO 2020,Elantra,"Ivt, Luxury"
2020,EL64IF20A400,Elantra,Ultimate IVT,CPO 2020,Elantra,"Ivt, Ultimate"
2020,EL64MF16DS00,Elantra,Sport Manual,CPO 2020,Elantra,"Manual, Sport"
2020,EL64DF16DS00,Elantra,Sport DCT,CPO 2020,Elantra,"Dct, Sport"
2020,EG35MF20B200,Elantra Gt,Preferred Manual,CPO 2020,Elantra,"Gt, Manual, Preferred"
2020,EG35AF20B200,Elantra Gt,Preferred Auto,CPO 2020,Elantra,"Gt, Preferred"
2020,EG35AF20B300,Elantra Gt,Luxury Auto,CPO 2020,Elantra,"Gt, Luxury"
2020,EG35MF16DO00,Elantra Gt,N Line Manual,CPO 2020,Elantra,"Gt, Manual, N"
2020,EG35DF16DO20,Elantra Gt,N Line Ultimate DCT,CPO 2020,Elantra,"Dct, Gt, N, Ultimate"
2020,EG35DF16DO00,Elantra Gt,N Line DCT,CPO 2020,Elantra,"Dct, Gt, N"
2020,IO15EFEME800,Ioniq EV,Preferred Hatchback,CPO 2020,Ioniq,"Electric, Preferred"
2020,IO15EFEME900,Ioniq EV,Ultimate Hatchback,CPO 2020,Ioniq,"Electric, Ultimate"
2020,IO15DF16I100,Ioniq Hybrid,Essential Hatchback,CPO 2020,Ioniq,"Essential, Hybrid"
2020,IO15DF16I200,Ioniq Hybrid,Preferred Hatchback,CPO 2020,Ioniq,"Hybrid, Preferred"
2020,IO15DF16I400,Ioniq Hybrid,Ultimate Hatchback,CPO 2020,Ioniq,"Hybrid, Ultimate"
2020,KO1SAF20B100,Kona,2.0L Essential FWD,CPO 2020,Kona,"2.0l, Essential, Fwd"
2020,KO1SAF20B200,Kona,2.0L Preferred FWD,CPO 2020,Kona,"2.0l, Fwd, Preferred"
2020,KO1SAA20B100,Kona,2.0L Essential AWD,CPO 2020,Kona,"2.0l, Awd, Essential"
2020,KO1SAA20B200,Kona,2.0L Preferred AWD,CPO 2020,Kona,"2.0l, Awd, Preferred"
2020,KO1SAA20B300,Kona,2.0L Luxury AWD,CPO 2020,Kona,"2.0l, Awd, Luxury"
2020,KO1SDA16D241,Kona,1.6T Trend AWD,CPO 2020,Kona,"Awd, Trend"
2020,KO1SDA16D287,Kona,1.6T Trend AWD w/Two-Tone Roof,CPO 2020,Kona,"Awd, Trend"
2020,KO1SDA16D400,Kona,1.6T Ultimate AWD,CPO 2020,Kona,"Awd, Ultimate"
2020,KO1SDA16D495,Kona,1.6T Ultimate AWD w/Lime Colour Pack,CPO 2020,Kona,"Awd, Ultimate"
2020,KO1SDA16D489,Kona,1.6T Ultimate AWD w/Red Colour Pack,CPO 2020,Kona,"Awd, Ultimate"
2020,KO1SDA16D474,Kona,1.6T Ultimate AWD w/Orange Colour Pack,CPO 2020,Kona,"Awd, Ultimate"
2020,VE23MF16DG00,Veloster,Turbo Manual,CPO 2020,Veloster,"Manual, Turbo"
2020,VE23AF20A200,Veloster,Preferred Auto,CPO 2020,Veloster,Preferred
2020,VE23AF20A300,Veloster,Luxury Auto,CPO 2020,Veloster,Luxury
2020,VE23MF16DG66,Veloster,Turbo Manual w/Two-Tone Paint,CPO 2020,Veloster,"Manual, Turbo"
2020,VE23MF16DG56,Veloster,Turbo Manual w/Sandstorm Leather,CPO 2020,Veloster,"Manual, Turbo"
2020,VE23DF16DG00,Veloster,Turbo DCT,CPO 2020,Veloster,"Dct, Turbo"
2020,VE23DF16DG66,Veloster,Turbo DCT w/Two-Tone Paint,CPO 2020,Veloster,"Dct, Turbo"
2020,VE23DF16DG56,Veloster,Turbo DCT w/Sandstorm Leather,CPO 2020,Veloster,"Dct, Turbo"
2020,VE23MF20DX39,Veloster N,Manual,CPO 2020,Veloster,"Manual, N"
2020,SO84AF25B200,Sonata,2.5L Preferred,CPO 2020,Sonata,Preferred
2020,SO84AF16D300,Sonata,1.6T Luxury,CPO 2020,Sonata,Luxury
2020,SO84AF16D400,Sonata,1.6T Ultimate,CPO 2020,Sonata,Ultimate
2020,SO84AF16DS00,Sonata,1.6T Sport,CPO 2020,Sonata,Sport
2020,SH84AF20I400,Sonata Hybrid,Ultimate Sedan,CPO 2020,Sonata,"Hybrid, Ultimate"
2020,TU3SAF20B100,Tucson,Essential FWD,CPO 2020,Tucson,"Essential, Fwd"
2020,TU3SAF20B200,Tucson,Preferred FWD,CPO 2020,Tucson,"Fwd, Preferred"
2020,TU3SAA20B100,Tucson,Essential AWD,CPO 2020,Tucson,"Awd, Essential"
2020,TU3SAA20B200,Tucson,Preferred AWD,CPO 2020,Tucson,"Awd, Preferred"
2020,TU3SAA24B241,Tucson,Preferred AWD w/Trend Package,CPO 2020,Tucson,"Awd, Preferred, Trend"
2020,TU3SAA24B300,Tucson,Luxury AWD,CPO 2020,Tucson,"Awd, Luxury"
2020,TU3SAA24B400,Tucson,Ultimate AWD,CPO 2020,Tucson,"Awd, Ultimate"
2020,TU3SAA20B268,Tucson,Preferred AWD w/Sun & Leather Package,CPO 2020,Tucson,"Awd, Preferred"
2020,TU3SAA24BX43,Tucson,Urban Edition AWD,CPO 2020,Tucson,"Awd, Urban"
2020,VN1SMF16AX40,Venue,Essential Manual,CPO 2020,Venue,"Essential, Manual"
2020,VN1SIF16AX40,Venue,Essential IVT,CPO 2020,Venue,"Essential, Ivt"
2020,VN1SIF16AX42,Venue,Preferred IVT,CPO 2020,Venue,"Ivt, Preferred"
2020,VN1SIF16AX41,Venue,Trend IVT,CPO 2020,Venue,"Ivt, Trend"
2020,VN1SIF16AD85,Venue,Trend w/Urban Pkg/Black Interior IVT,CPO 2020,Venue,"Black, Ivt, Pkg, Trend, Urban"
2020,VN1SIF16AD89,Venue,Trend w/Urban Pkg/Denim Interior IVT,CPO 2020,Venue,"Ivt, Pkg, Trend, Urban"
2020,VN1SIF16AD74,Venue,Trend w/Urban Pkg/Grey-Lime Interior IVT,CPO 2020,Venue,"Ivt, Pkg, Trend, Urban"
2020,VN1SIF16A485,Venue,Ultimate w/Black Interior IVT,CPO 2020,Venue,"Black, Ivt, Ultimate"
2020,VN1SIF16A489,Venue,Ultimate w/Denim Interior IVT,CPO 2020,Venue,"Ivt, Ultimate"
2020,VN1SIF16A474,Venue,Ultimate w/Grey-Lime Interior IVT,CPO 2020,Venue,"Ivt, Ultimate"
2020,SA4SAF24B100,Santa Fe,2.4L Essential FWD,CPO 2020,Santa Fe,"Essential, Fwd"
2020,SA4SAF24B500,Santa Fe,2.4L Essential FWD w/Safety Package,CPO 2020,Santa Fe,"Essential, Fwd"
2020,SA4SAA24B500,Santa Fe,2.4L Essential AWD w/Safety Package,CPO 2020,Santa Fe,"Awd, Essential"
2020,SA4SAA24B200,Santa Fe,2.4L Preferred AWD,CPO 2020,Santa Fe,"Awd, Preferred"
2020,SA4SAA24B268,Santa Fe,2.4L Preferred AWD w/Sun/Leather Package,CPO 2020,Santa Fe,"Awd, Preferred"
2020,SA4SAA20DV68,Santa Fe,2.0T Preferred AWD w/Sun/Leather Package,CPO 2020,Santa Fe,"Awd, Preferred"
2020,SA4SAA20D300,Santa Fe,2.0T Luxury AWD,CPO 2020,Santa Fe,"Awd, Luxury"
2020,SA4SAA20D400,Santa Fe,2.0T Ultimate AWD,CPO 2020,Santa Fe,"Awd, Ultimate"
2020,PA1LAF38B100,Palisade,Essential 8-Passenger FWD,CPO 2020,Palisade,"Essential, Fwd"
2020,PA1LAA38B100,Palisade,Essential 8-Passenger AWD,CPO 2020,Palisade,"Awd, Essential"
2020,PA1LAA38B200,Palisade,Preferred 8-Passenger AWD,CPO 2020,Palisade,"Awd, Preferred"
2020,PA1LAA38B300,Palisade,Luxury 7-Passenger AWD,CPO 2020,Palisade,"Awd, Luxury"
2020,PA1LAA38B391,Palisade,Ultimate 7-Passenger AWD,CPO 2020,Palisade,"Awd, Ultimate"
2020,PA1LAA38B449,Palisade,Ultimate 7-Passenger CP AWD,CPO 2020,Palisade,"Awd, Ultimate"
2020,KE1SEFEME200,Kona EV,Preferred FWD,CPO 2020,Kona Ev,"Fwd, Preferred"
2020,KE1SEFEME266,Kona EV,Preferred w/Two-Tone Roof FWD,CPO 2020,Kona Ev,"Fwd, Preferred"
2020,KE1SEFEME400,Kona EV,Ultimate FWD,CPO 2020,Kona Ev,"Fwd, Ultimate"
2020,KE1SEFEMEX51,Kona EV,Essential FWD,CPO 2020,Kona Ev,"Essential, Fwd"
2020,NX1SEFEMF400,Nexo,Ultimate FWD,CPO 2020,Nexo,"Fwd, Ultimate"
2021,EL74MF20A100,Elantra,Essential Manual,CPO 2021,Elantra,"Essential, Manual"
2021,EL74IF20A100,Elantra,Essential IVT,CPO 2021,Elantra,"Essential, Ivt"
2021,EL74IF20A200,Elantra,Preferred IVT,CPO 2021,Elantra,"Ivt, Preferred"
2021,EL74IF20A283,Elantra,Preferred w/Sun & Safety Package IVT,CPO 2021,Elantra,"Ivt, Preferred"
2021,EL74IF20A400,Elantra,Ultimate IVT,CPO 2021,Elantra,"Ivt, Ultimate"
2021,EL74IF20A454,Elantra,Ultimate IVT w/Two-Tone Interior,CPO 2021,Elantra,"Ivt, Ultimate"
2021,EL74IF20A483,Elantra,Ultimate Tech IVT,CPO 2021,Elantra,"Ivt, Tech, Ultimate"
2021,EL74IF20A479,Elantra,Ultimate Tech IVT w/Two-Tone Interior,CPO 2021,Elantra,"Ivt, Tech, Ultimate"
2021,EL74DF16DO00,Elantra,N Line DCT,CPO 2021,Elantra,"Dct, N"
2021,EL74DF16I200,Elantra Hybrid,Preferred DCT *Ltd Avail*,CPO 2021,Elantra,"Dct, Hybrid, Preferred"
2021,EL74DF16I400,Elantra Hybrid,Ultimate DCT *Ltd Avail*,CPO 2021,Elantra,"Dct, Hybrid, Ultimate"
2021,EL74DF16I2AA,Elantra Hybrid,Preferred DCT,CPO 2021,Elantra,"Dct, Hybrid, Preferred"
2021,EL74DF16I4AA,Elantra Hybrid,Ultimate DCT,CPO 2021,Elantra,"Dct, Hybrid, Ultimate"
2021,EL74DF16I4AC,Elantra Hybrid,Ultimate DCT w/Two-Tone Interior,CPO 2021,Elantra,"Dct, Hybrid, Ultimate"
2021,IO15EFEME800,Ioniq EV,Preferred Hatchback,CPO 2021,Ioniq,"Electric, Preferred"
2021,IO15EFEME900,Ioniq EV,Ultimate Hatchback,CPO 2021,Ioniq,"Electric, Ultimate"
2021,IO15DF16I100,Ioniq Hybrid,Essential Hatchback,CPO 2021,Ioniq,"Essential, Hybrid"
2021,IO15DF16I200,Ioniq Hybrid,Preferred Hatchback,CPO 2021,Ioniq,"Hybrid, Preferred"
2021,IO15DF16I400,Ioniq Hybrid,Ultimate Hatchback,CPO 2021,Ioniq,"Hybrid, Ultimate"
2021,IO15DF16P600,Ioniq Plug-In Hybrid,Preferred Hatchback,CPO 2021,Ioniq,"Hybrid, Plug-in, Preferred"
2021,IO15DF16P700,Ioniq Plug-In Hybrid,Ultimate Hatchback,CPO 2021,Ioniq,"Hybrid, Plug-in, Ultimate"
2021,IO15DF16PX52,Ioniq Plug-In Hybrid,Essential Hatchback,CPO 2021,Ioniq,"Essential, Hybrid, Plug-in"
2021,KO1SAF20B100,Kona,2.0L Essential FWD,CPO 2021,Kona,"2.0l, Essential, Fwd"
2021,KO1SAF20B200,Kona,2.0L Preferred FWD,CPO 2021,Kona,"2.0l, Fwd, Preferred"
2021,KO1SAA20B100,Kona,2.0L Essential AWD,CPO 2021,Kona,"2.0l, Awd, Essential"
2021,KO1SAA20B200,Kona,2.0L Preferred AWD,CPO 2021,Kona,"2.0l, Awd, Preferred"
2021,KO1SAA20B300,Kona,2.0L Luxury AWD,CPO 2021,Kona,"2.0l, Awd, Luxury"
2021,KO1SDA16D241,Kona,1.6T Trend AWD,CPO 2021,Kona,"Awd, Trend"
2021,KO1SDA16D287,Kona,1.6T Trend AWD w/Two-Tone Roof,CPO 2021,Kona,"Awd, Trend"
2021,KO1SDA16D400,Kona,1.6T Ultimate AWD,CPO 2021,Kona,"Awd, Ultimate"
2021,KO1SDA16D489,Kona,1.6T Ultimate AWD w/Red Colour Pack,CPO 2021,Kona,"Awd, Ultimate"
2021,KO1SDA16DX76,Kona,1.6T Urban Edition,CPO 2021,Kona,Urban
2021,KO1SDA16DX43,Kona,1.6T Limited Edition AWD,CPO 2021,Kona,Awd
2021,SO84AF25B200,Sonata,2.5L Preferred,CPO 2021,Sonata,Preferred
2021,SO84AF16D300,Sonata,1.6T Luxury,CPO 2021,Sonata,Luxury
2021,SO84AF16D400,Sonata,1.6T Ultimate,CPO 2021,Sonata,Ultimate
2021,SO84AF16DS00,Sonata,1.6T Sport,CPO 2021,Sonata,Sport
2021,SO84DF25DO00,Sonata,2.5T N Line,CPO 2021,Sonata,"2.5t, N"
2021,SH84AF20I400,Sonata Hybrid,Ultimate Sedan,CPO 2021,Sonata,"Hybrid, Ultimate"
2021,TU3SAF20B100,Tucson,Essential FWD,CPO 2021,Tucson,"Essential, Fwd"
2021,TU3SAF20B200,Tucson,Preferred FWD,CPO 2021,Tucson,"Fwd, Preferred"
2021,TU3SAA20B100,Tucson,Essential AWD,CPO 2021,Tucson,"Awd, Essential"
2021,TU3SAA20B200,Tucson,Preferred AWD,CPO 2021,Tucson,"Awd, Preferred"
2021,TU3SAA24B241,Tucson,Preferred AWD w/Trend Package,CPO 2021,Tucson,"Awd, Preferred, Trend"
2021,TU3SAA24B300,Tucson,Luxury AWD,CPO 2021,Tucson,"Awd, Luxury"
2021,TU3SAA24B400,Tucson,Ultimate AWD,CPO 2021,Tucson,"Awd, Ultimate"
2021,TU3SAA20B268,Tucson,Preferred AWD w/Sun & Leather Package,CPO 2021,Tucson,"Awd, Preferred"
2021,TU3SAA24BX76,Tucson,Urban Edition AWD,CPO 2021,Tucson,"Awd, Urban"
2021,VE23MF20DX39,Veloster N,Manual,CPO 2021,Veloster,"Manual, N"
2021,VE23DF20DX39,Veloster N,DCT,CPO 2021,Veloster,"Dct, N"
2021,VN1SMF16AX40,Venue,Essential Manual,CPO 2021,Venue,"Essential, Manual"
2021,VN1SIF16AX40,Venue,Essential IVT,CPO 2021,Venue,"Essential, Ivt"
2021,VN1SIF16AX42,Venue,Preferred IVT,CPO 2021,Venue,"Ivt, Preferred"
2021,VN1SIF16AX41,Venue,Trend IVT,CPO 2021,Venue,"Ivt, Trend"
2021,VN1SIF16AY85,Venue,Trend IVT w/Urban Pkg/Black Interior,CPO 2021,Venue,"Black, Ivt, Pkg, Trend, Urban"
2021,VN1SIF16AY89,Venue,Trend IVT w/Urban Pkg/Denim Interior,CPO 2021,Venue,"Ivt, Pkg, Trend, Urban"
2021,VN1SIF16AY74,Venue,Trend IVT w/Urban Pkg/Grey-Lime Interior,CPO 2021,Venue,"Ivt, Pkg, Trend, Urban"
2021,VN1SIF16A485,Venue,Ultimate IVT w/Black Interior,CPO 2021,Venue,"Black, Ivt, Ultimate"
2021,VN1SIF16A489,Venue,Ultimate IVT w/Denim Interior,CPO 2021,Venue,"Ivt, Ultimate"
2021,VN1SIF16A474,Venue,Ultimate IVT w/Grey-Lime Interior,CPO 2021,Venue,"Ivt, Ultimate"
2021,VN1SIF16A166,Venue,Essential IVT w/Two-Tone,CPO 2021,Venue,"Essential, Ivt"
2021,VN1SIF16A266,Venue,Preferred IVT w/Two-Tone,CPO 2021,Venue,"Ivt, Preferred"
2021,SA4SAF25B100,Santa Fe,Essential FWD,CPO 2021,Santa Fe,"Essential, Fwd"
2021,SA4SAA25B100,Santa Fe,Essential AWD,CPO 2021,Santa Fe,"Awd, Essential"
2021,SA4SAA25B200,Santa Fe,Preferred AWD,CPO 2021,Santa Fe,"Awd, Preferred"
2021,SA4SAA25B241,Santa Fe,Preferred AWD w/Trend Package,CPO 2021,Santa Fe,"Awd, Preferred, Trend"
2021,SA4SAA25D469,Santa Fe,Ultimate Calligraphy AWD,CPO 2021,Santa Fe,"Awd, Calligraphy, Ultimate"
2021,SA4SAA16G2AD,Santa Fe Hybrid,Preferred AWD w/Trend Package,CPO 2021,Santa Fe,"Awd, Hybrid, Preferred, Trend"
2021,SA4SAA16G3AA,Santa Fe Hybrid,Luxury AWD,CPO 2021,Santa Fe,"Awd, Hybrid, Luxury"
2021,PA1LAF38B100,Palisade,Essential 8-Passenger FWD,CPO 2021,Palisade,"Essential, Fwd"
2021,PA1LAA38B100,Palisade,Essential 8-Passenger AWD,CPO 2021,Palisade,"Awd, Essential"
2021,PA1LAA38B200,Palisade,Preferred 8-Passenger AWD,CPO 2021,Palisade,"Awd, Preferred"
2021,PA1LAA38B300,Palisade,Luxury 8-Passenger AWD,CPO 2021,Palisade,"Awd, Luxury"
2021,PA1LAA38B391,Palisade,Luxury 7-Passenger AWD,CPO 2021,Palisade,"Awd, Luxury"
2021,PA1LAA38B477,Palisade,Ultimate Calligraphy 7-Passenger AWD,CPO 2021,Palisade,"Awd, Calligraphy, Ultimate"
2021,PA1LAA38B478,Palisade,Ultimate Calligraphy w/Beige 7-Passenger AWD,CPO 2021,Palisade,"Awd, Calligraphy, Ultimate"
2021,KE1SEFEMEX51,Kona EV,Essential FWD,CPO 2021,Kona Ev,"Essential, Fwd"
2021,KE1SEFEME200,Kona EV,Preferred FWD,CPO 2021,Kona Ev,"Fwd, Preferred"
2021,KE1SEFEME266,Kona EV,Preferred w/Two-Tone Roof FWD,CPO 2021,Kona Ev,"Fwd, Preferred"
2021,KE1SEFEME400,Kona EV,Ultimate FWD,CPO 2021,Kona Ev,"Fwd, Ultimate"
2021,NX1SEFEMF400,Nexo,Ultimate FWD,CPO 2021,Nexo,"Fwd, Ultimate"
2021,NX1SEFEMF200,Nexo,Preferred FWD,CPO 2021,Nexo,"Fwd, Preferred"
2022,EL74MF20A100,Elantra,Essential Manual,CPO 2022,Elantra,"Essential, Manual"
2022,EL74IF20A100,Elantra,Essential IVT,CPO 2022,Elantra,"Essential, Ivt"
2022,EL74IF20A200,Elantra,Preferred IVT,CPO 2022,Elantra,"Ivt, Preferred"
2022,EL74IF20A283,Elantra,Preferred w/Sun & Safety Package IVT,CPO 2022,Elantra,"Ivt, Preferred"
2022,EL74IF20A400,Elantra,Ultimate IVT,CPO 2022,Elantra,"Ivt, Ultimate"
2022,EL74IF20A454,Elantra,Ultimate IVT w/Two-Tone Interior,CPO 2022,Elantra,"Ivt, Ultimate"
2022,EL74IF20A483,Elantra,Ultimate Tech IVT,CPO 2022,Elantra,"Ivt, Tech, Ultimate"
2022,EL74IF20A479,Elantra,Ultimate Tech IVT w/Two-Tone Interior,CPO 2022,Elantra,"Ivt, Tech, Ultimate"
2022,EL74DF16DO00,Elantra,N Line DCT,CPO 2022,Elantra,"Dct, N"
2022,EL74DF16I2AA,Elantra Hybrid,Preferred DCT ,CPO 2022,Elantra,"Dct, Hybrid, Preferred"
2022,EL74DF16I4AA,Elantra Hybrid,Ultimate DCT,CPO 2022,Elantra,"Dct, Hybrid, Ultimate"
2022,EL74DF16I4AC,Elantra Hybrid,Ultimate DCT w/Two-Tone Interior,CPO 2022,Elantra,"Dct, Hybrid, Ultimate"
2022,EL74MF20DX39,Elantra N,Manual,CPO 2022,Elantra,"Manual, N"
2022,EL74DF20DX39,Elantra N,DCT,CPO 2022,Elantra,"Dct, N"
2022,I51SEREME100,Ioniq 5,Essential RWD,CPO 2022,Ioniq 5,Essential
2022,I51SEREME200,Ioniq 5,Preferred RWD,CPO 2022,Ioniq 5,Preferred
2022,I51SEREME2AK,Ioniq 5,Preferred RWD Long Range,CPO 2022,Ioniq 5,"Long, Preferred, Range"
2022,I51SEAEME2AK,Ioniq 5,Preferred AWD Long Range,CPO 2022,Ioniq 5,"Awd, Long, Preferred, Range"
2022,I51SEAEME400,Ioniq 5,Preferred AWD Long Range Ultimate Pkg *Ltd Avail*,CPO 2022,Ioniq 5,"Awd, Long, Pkg, Preferred, Range, Ultimate"
2022,I51SEAEME2AV,Ioniq 5,Preferred AWD Long Range Ultimate Pkg,CPO 2022,Ioniq 5,"Awd, Long, Pkg, Preferred, Range, Ultimate"
2022,IO15DF16I100,Ioniq Hybrid,Essential Hatchback,CPO 2022,Ioniq,"Essential, Hybrid"
2022,IO15DF16I200,Ioniq Hybrid,Preferred Hatchback,CPO 2022,Ioniq,"Hybrid, Preferred"
2022,IO15DF16I400,Ioniq Hybrid,Ultimate Hatchback,CPO 2022,Ioniq,"Hybrid, Ultimate"
2022,IO15DF16PX52,Ioniq Plug-In Hybrid,Essential Hatchback,CPO 2022,Ioniq,"Essential, Hybrid, Plug-in"
2022,IO15DF16P600,Ioniq Plug-In Hybrid,Preferred Hatchback,CPO 2022,Ioniq,"Hybrid, Plug-in, Preferred"
2022,IO15DF16P700,Ioniq Plug-In Hybrid,Ultimate Hatchback,CPO 2022,Ioniq,"Hybrid, Plug-in, Ultimate"
2022,KO1SAF20A100,Kona,2.0L Essential FWD,CPO 2022,Kona,"2.0l, Essential, Fwd"
2022,KO1SAF20A200,Kona,2.0L Preferred FWD,CPO 2022,Kona,"2.0l, Fwd, Preferred"
2022,KO1SAA20A100,Kona,2.0L Essential AWD,CPO 2022,Kona,"2.0l, Awd, Essential"
2022,KO1SAA20A200,Kona,2.0L Preferred AWD,CPO 2022,Kona,"2.0l, Awd, Preferred"
2022,KO1SAA20A268,Kona,2.0L Preferred AWD w/Sun & Leather Package,CPO 2022,Kona,"2.0l, Awd, Preferred"
2022,KO1SDA16DO00,Kona,1.6T N Line AWD,CPO 2022,Kona,"Awd, N"
2022,KO1SDA16DO66,Kona,1.6T N Line AWD w/Two-Tone Roof,CPO 2022,Kona,"Awd, N"
2022,KO1SDA16DO20,Kona,1.6T N Line AWD w/Ultimate Package,CPO 2022,Kona,"Awd, N, Ultimate"
2022,KO1SAF20A1AL,Kona,2.0L Essential Value Edition FWD,CPO 2022,Kona,"2.0l, Essential, Fwd"
2022,KO1SAF20A235,Kona,2.0L Preferred Special Edition FWD,CPO 2022,Kona,"2.0l, Fwd, Preferred"
2022,KO1SAA20A1AL,Kona,2.0L Essential Value Edition AWD,CPO 2022,Kona,"2.0l, Awd, Essential"
2022,KO1SAA20A235,Kona,2.0L Preferred Special Edition AWD,CPO 2022,Kona,"2.0l, Awd, Preferred"
2022,KO1SAF20AW00,Kona,2.0L LE FWD,CPO 2022,Kona,"2.0l, Fwd, Le"
2022,KO1SAF20AWAU,Kona,2.0L LE Plus FWD,CPO 2022,Kona,"2.0l, Fwd, Le, Plus"
2022,KO1SDF16DWAT,Kona,1.6T LE N Line FWD,CPO 2022,Kona,"Fwd, Le, N"
2022,KO1SAA20AW00,Kona,2.0L LE AWD,CPO 2022,Kona,"2.0l, Awd, Le"
2022,KO1SAA20AWAU,Kona,2.0L LE Plus AWD,CPO 2022,Kona,"2.0l, Awd, Le, Plus"
2022,KO1SDA16DWAT,Kona,1.6T LE N Line AWD,CPO 2022,Kona,"Awd, Le, N"
2022,KO1SDF20DX39,Kona N,2.0T FWD,CPO 2022,Kona,"Fwd, N"
2022,SO84AF25B200,Sonata,2.5L Preferred,CPO 2022,Sonata,Preferred
2022,SO84AF16DS00,Sonata,1.6T Sport,CPO 2022,Sonata,Sport
2022,SO84AF16D300,Sonata,1.6T Luxury,CPO 2022,Sonata,Luxury
2022,SO84DF25DO00,Sonata,2.5T N Line,CPO 2022,Sonata,"2.5t, N"
2022,SH84AF20I4AI,Sonata Hybrid,Ultimate Sedan,CPO 2022,Sonata,"Hybrid, Ultimate"
2022,SH84AF20I4AJ,Sonata Hybrid,Ultimate Sedan w/Solar Roof,CPO 2022,Sonata,"Hybrid, Ultimate"
2022,TU4SAF25B100,Tucson,Essential FWD,CPO 2022,Tucson,"Essential, Fwd"
2022,TU4SAF25B200,Tucson,Preferred FWD,CPO 2022,Tucson,"Fwd, Preferred"
2022,TU4SAA25B100,Tucson,Essential AWD,CPO 2022,Tucson,"Awd, Essential"
2022,TU4SAA25B200,Tucson,Preferred AWD,CPO 2022,Tucson,"Awd, Preferred"
2022,TU4SAA25B241,Tucson,Preferred AWD w/Trend Package,CPO 2022,Tucson,"Awd, Preferred, Trend"
2022,TU4SAA25BO00,Tucson,N Line AWD,CPO 2022,Tucson,"Awd, N"
2022,TU4SAA25BY76,Tucson,Urban Edition AWD,CPO 2022,Tucson,"Awd, Urban"
2022,VE23MF20DX39,Veloster N,Manual,CPO 2022,Veloster,"Manual, N"
2022,VE23DF20DX39,Veloster N,DCT,CPO 2022,Veloster,"Dct, N"
2022,VN1SMF16AX40,Venue,Essential Manual,CPO 2022,Venue,"Essential, Manual"
2022,VN1SIF16AX40,Venue,Essential IVT,CPO 2022,Venue,"Essential, Ivt"
2022,VN1SIF16A166,Venue,Essential IVT w/Two-Tone,CPO 2022,Venue,"Essential, Ivt"
2022,VN1SIF16AX42,Venue,Preferred IVT,CPO 2022,Venue,"Ivt, Preferred"
2022,VN1SIF16A266,Venue,Preferred IVT w/Two-Tone,CPO 2022,Venue,"Ivt, Preferred"
2022,VN1SIF16AX41,Venue,Trend IVT,CPO 2022,Venue,"Ivt, Trend"
2022,VN1SIF16A485,Venue,Ultimate IVT w/Black Interior,CPO 2022,Venue,"Black, Ivt, Ultimate"
2022,VN1SIF16A489,Venue,Ultimate IVT w/Denim Interior,CPO 2022,Venue,"Ivt, Ultimate"
2022,VN1SIF16AY85,Venue,Urban IVT w/Black Interior,CPO 2022,Venue,"Black, Ivt, Urban"
2022,VN1SIF16AY89,Venue,Urban IVT w/Denim Interior,CPO 2022,Venue,"Ivt, Urban"
2022,SA4SAA25B100,Santa Fe,Essential AWD,CPO 2022,Santa Fe,"Awd, Essential"
2022,SA4SAA25B200,Santa Fe,Preferred AWD,CPO 2022,Santa Fe,"Awd, Preferred"
2022,SA4SAA25B241,Santa Fe,Preferred AWD w/Trend Package,CPO 2022,Santa Fe,"Awd, Preferred, Trend"
2022,SA4SAA25D469,Santa Fe,Ultimate Calligraphy AWD,CPO 2022,Santa Fe,"Awd, Calligraphy, Ultimate"
2022,SA4SAA25DX43,Santa Fe,Urban AWD,CPO 2022,Santa Fe,"Awd, Urban"
2022,SA4SAA16G2AD,Santa Fe Hybrid,Preferred AWD w/Trend Package,CPO 2022,Santa Fe,"Awd, Hybrid, Preferred, Trend"
2022,SA4SAA16G3AA,Santa Fe Hybrid,Luxury AWD,CPO 2022,Santa Fe,"Awd, Hybrid, Luxury"
2022,SA4SAA16J2AB,Santa Fe Plug-In Hybrid,Preferred AWD,CPO 2022,Santa Fe,"Awd, Hybrid, Plug-in, Preferred"
2022,SA4SAA16J3AB,Santa Fe Plug-In Hybrid,Luxury AWD,CPO 2022,Santa Fe,"Awd, Hybrid, Luxury, Plug-in"
2022,PA1LAA38B100,Palisade,Essential 8-Passenger AWD,CPO 2022,Palisade,"Awd, Essential"
2022,PA1LAA38B200,Palisade,Preferred 8-Passenger AWD,CPO 2022,Palisade,"Awd, Preferred"
2022,PA1LAA38B300,Palisade,Luxury 8-Passenger AWD,CPO 2022,Palisade,"Awd, Luxury"
2022,PA1LAA38B391,Palisade,Luxury 7-Passenger AWD,CPO 2022,Palisade,"Awd, Luxury"
2022,PA1LAA38B477,Palisade,Ultimate Calligraphy 7-Passenger AWD,CPO 2022,Palisade,"Awd, Calligraphy, Ultimate"
2022,PA1LAA38B478,Palisade,Ultimate Calligraphy w/Beige 7-Passenger AWD,CPO 2022,Palisade,"Awd, Calligraphy, Ultimate"
2022,SZ1SDA25D200,Santa Cruz,Preferred AWD,CPO 2022,Santa Cruz,"Awd, Preferred"
2022,SZ1SDA25D241,Santa Cruz,Preferred AWD w/Trend Pkg,CPO 2022,Santa Cruz,"Awd, Pkg, Preferred, Trend"
2022,SZ1SDA25D400,Santa Cruz,Ultimate AWD,CPO 2022,Santa Cruz,"Awd, Ultimate"
2022,SZ1SDA25D495,Santa Cruz,Ultimate AWD w/Colour Pkg,CPO 2022,Santa Cruz,"Awd, Pkg, Ultimate"
2022,KE1SEFEME200,Kona EV,Preferred FWD,CPO 2022,Kona Ev,"Fwd, Preferred"
2022,KE1SEFEME266,Kona EV,Preferred FWD w/Two-Tone Roof,CPO 2022,Kona Ev,"Fwd, Preferred"
2022,KE1SEFEME400,Kona EV,Ultimate FWD,CPO 2022,Kona Ev,"Fwd, Ultimate"
2023,EL74IF20A100,Elantra,Essential IVT,CPO 2023,Elantra,"Essential, Ivt"
2023,EL74IF20A200,Elantra,Preferred IVT,CPO 2023,Elantra,"Ivt, Preferred"
2023,EL74IF20A283,Elantra,Preferred with Sun & Tech Pkg IVT,CPO 2023,Elantra,"Ivt, Pkg, Preferred, Tech"
2023,EL74IF20A300,Elantra,Luxury IVT,CPO 2023,Elantra,"Ivt, Luxury"
2023,EL74IF20A354,Elantra,Luxury IVT (Two Tone Int.),CPO 2023,Elantra,"Ivt, Luxury"
2023,EL74DF16DO20,Elantra,N-Line DCT,CPO 2023,Elantra,"Dct, N-line"
2023,EL74DF16I3AA,Elantra Hev,Hybrid Luxury,CPO 2023,Elantra,"Hybrid, Luxury"
2023,EL74DF16I3AC,Elantra Hev,Hybrid Luxury (Two Tone Int.),CPO 2023,Elantra,"Hybrid, Luxury"
2023,EL74MF20DX39,Elantra N,N M/T,CPO 2023,Elantra,N
2023,EL74DF20DX39,Elantra N,N DCT,CPO 2023,Elantra,"Dct, N"
2023,SO84AF25B200,Sonata,Preferred,CPO 2023,Sonata,Preferred
2023,SO84AF16DS00,Sonata,Preferred Sport,CPO 2023,Sonata,"Preferred, Sport"
2023,SO84DF25DO00,Sonata,N Line,CPO 2023,Sonata,N
2023,SH84AF20I4AA,Sonata Hev,Ultimate HEV,CPO 2023,Sonata,"Hybrid, Ultimate"
2023,VN1SIF16A100,Venue,Essential IVT,CPO 2023,Venue,"Essential, Ivt"
2023,VN1SIF16A166,Venue,Essential IVT (Two-Tone),CPO 2023,Venue,"Essential, Ivt"
2023,VN1SIF16A200,Venue,Preferred IVT,CPO 2023,Venue,"Ivt, Preferred"
2023,VN1SIF16A266,Venue,Preferred IVT (Two-Tone),CPO 2023,Venue,"Ivt, Preferred"
2023,VN1SIF16A400,Venue,Ultimate IVT Black,CPO 2023,Venue,"Black, Ivt, Ultimate"
2023,VN1SIF16A489,Venue,Ultimate IVT Denim,CPO 2023,Venue,"Ivt, Ultimate"
2023,KO1SAF20A100,Kona,Essential FWD,CPO 2023,Kona,"Essential, Fwd"
2023,KO1SAA20A100,Kona,Essential AWD,CPO 2023,Kona,"Awd, Essential"
2023,KO1SAF20A200,Kona,Preferred FWD,CPO 2023,Kona,"Fwd, Preferred"
2023,KO1SAA20A200,Kona,Preferred AWD,CPO 2023,Kona,"Awd, Preferred"
2023,KO1SAA20A268,Kona,Preferred w/ Sun and Leather Package,CPO 2023,Kona,Preferred
2023,KO1SDA16DO00,Kona,N-Line,CPO 2023,Kona,N-line
2023,KO1SDA16DO66,Kona,N-Line w/Two Tone,CPO 2023,Kona,N-line
2023,KO1SDA16DO20,Kona,N-Line Ultimate Package,CPO 2023,Kona,"N-line, Ultimate"
2023,KO1SDF20DX39,Kona N,DCT,CPO 2023,Kona,"Dct, N"
2023,TU4SAF25B100,Tucson,Essential FWD,CPO 2023,Tucson,"Essential, Fwd"
2023,TU4SAA25B100,Tucson,Essential AWD,CPO 2023,Tucson,"Awd, Essential"
2023,TU4SAF25B200,Tucson,Preferred FWD,CPO 2023,Tucson,"Fwd, Preferred"
2023,TU4SAA25B200,Tucson,Preferred AWD,CPO 2023,Tucson,"Awd, Preferred"
2023,TU4SAA25B241,Tucson,Preferred AWD w/ Trend Package,CPO 2023,Tucson,"Awd, Preferred, Trend"
2023,TU4SAA25BY00,Tucson,Urban AWD,CPO 2023,Tucson,"Awd, Urban"
2023,TU4SAA25BO00,Tucson,N Line AWD,CPO 2023,Tucson,"Awd, N"
2023,TU4SAA16G3AA,Tucson Hev,1.6T Luxury HEV AWD,CPO 2023,Tucson,"Awd, Hybrid, Luxury"
2023,TU4SAA16G4AA,Tucson Hev,1.6T Ultimate HEV AWD,CPO 2023,Tucson,"Awd, Hybrid, Ultimate"
2023,TU4SAA16J3AB,Tucson Phev,Luxury PHEV AWD,CPO 2023,Tucson,"Awd, Luxury, Plug-in Hybrid"
2023,TU4SAA16J4AB,Tucson Phev,Ultimate PHEV AWD,CPO 2023,Tucson,"Awd, Plug-in Hybrid, Ultimate"
2023,SA4SAA25B200,Santa Fe,2.5L Preferred AWD,CPO 2023,Santa Fe,"Awd, Preferred"
2023,SA4SAA25B241,Santa Fe,2.5L Preferred AWD w/ Trend,CPO 2023,Santa Fe,"Awd, Preferred, Trend"
2023,SA4SAA25DY00,Santa Fe,2.5T Preferred AWD Urban Package,CPO 2023,Santa Fe,"2.5t, Awd, Preferred, Urban"
2023,SA4SAA25D469,Santa Fe,2.5T Ultimate Calligraphy AWD,CPO 2023,Santa Fe,"2.5t, Awd, Calligraphy, Ultimate"
2023,SA4SAA16G3AA,Santa Fe Hev,1.6T Luxury AWD HEV,CPO 2023,Santa Fe,"Awd, Hybrid, Luxury"
2023,SA4SAA16J3AB,Santa Fe Phev,Luxury PHEV AWD,CPO 2023,Santa Fe,"Awd, Luxury, Plug-in Hybrid"
2023,PA1LAA38B200,Palisade,Preferred AWD,CPO 2023,Palisade,"Awd, Preferred"
2023,PA1LAA38BY00,Palisade,Urban AWD 8-Pass,CPO 2023,Palisade,"Awd, Urban"
2023,PA1LAA38BY91,Palisade,Urban AWD 7-Pass,CPO 2023,Palisade,"Awd, Urban"
2023,PA1LAA38B477,Palisade,Ultimate Calligraphy AWD,CPO 2023,Palisade,"Awd, Calligraphy, Ultimate"
2023,PA1LAA38B478,Palisade,Ultimate Calligraphy AWD (Beige Int.),CPO 2023,Palisade,"Awd, Calligraphy, Ultimate"
2023,SZ1SDA25D200,Santa Cruz,Preferred AWD,CPO 2023,Santa Cruz,"Awd, Preferred"
2023,SZ1SDA25D241,Santa Cruz,Preferred AWD w/Trend,CPO 2023,Santa Cruz,"Awd, Preferred, Trend"
2023,SZ1SDA25D400,Santa Cruz,Ultimate AWD,CPO 2023,Santa Cruz,"Awd, Ultimate"
2023,SZ1SDA25D495,Santa Cruz,Ultimate AWD w/ Colour Pack,CPO 2023,Santa Cruz,"Awd, Ultimate"
2023,I614EREME2AK,Ioniq 6,Preferred RWD Long Range,CPO 2023,Ioniq 6,"Long, Preferred, Range"
2023,I614EAEME2AK,Ioniq 6,Preferred AWD Long Range,CPO 2023,Ioniq 6,"Awd, Long, Preferred, Range"
2023,I614EAEME2AV,Ioniq 6,Ultimate AWD Long Range,CPO 2023,Ioniq 6,"Awd, Long, Range, Ultimate"
2023,KE1SEFEME200,Kona Ev,EV Preferred,CPO 2023,Kona Ev,"Electric, Preferred"
2023,KE1SEFEME266,Kona Ev,EV Preferred (Two-Tone),CPO 2023,Kona Ev,"Electric, Preferred"
2023,KE1SEFEME400,Kona Ev,EV Ultimate,CPO 2023,Kona Ev,"Electric, Ultimate"
2023,I51SEREME200,Ioniq 5,Preferred,CPO 2023,Ioniq 5,Preferred
2023,I51SEREME2AK,Ioniq 5,Preferred Long Range,CPO 2023,Ioniq 5,"Long, Preferred, Range"
2023,I51SEAEME2AK,Ioniq 5,Preferred AWD Long Range,CPO 2023,Ioniq 5,"Awd, Long, Preferred, Range"
2023,I51SEAEME2AZ,Ioniq 5,Preferred AWD Long Range with Luxury package,CPO 2023,Ioniq 5,"Awd, Long, Luxury, Preferred, Range"
2023,I51SEAEME2AV,Ioniq 5,Preferred AWD Long Range with Ultimate package,CPO 2023,Ioniq 5,"Awd, Long, Preferred, Range, Ultimate"
