Model,Description,Description2,source_file,Year,is_active_model
BU52RS,Jetta,Trendline,MAR 25 FINANCE,2025,True
BU52RS,Jetta,Trendline,MAR 25 LEASE,2025,True
BU52RS,Jetta,Trendline,MAR 25 SELECT,2025,True
BU52RS,Jetta,Trendline,MAR 26 FINANCE,2026,True
BU52RS,Jetta,Trendline,MAR 26 LEASE,2026,True
BU52RS,Jetta,Trendline,MAR 26 SELECT,2026,True
BU53RS,Jetta,Comfortline,MAR 25 FINANCE,2025,True
BU53RS,Jetta,Comfortline,MAR 25 LEASE,2025,True
BU53RS,Jetta,Comfortline,MAR 25 SELECT,2025,True
BU53RS,Jetta,Comfortline,MAR 26 FINANCE,2026,True
BU53RS,Jetta,Comfortline,MAR 26 LEASE,2026,True
BU53RS,Jetta,Comfortline,MAR 26 SELECT,2026,True
BU54RS,Jetta,Highline,MAR 25 FINANCE,2025,True
BU54RS,Jetta,Highline,MAR 25 LEASE,2025,True
BU54RS,Jetta,Highline,MAR 25 SELECT,2025,True
BU54RS,Jetta,Highline,MAR 26 FINANCE,2026,True
BU54RS,Jetta,Highline,MAR 26 LEASE,2026,True
BU54RS,Jetta,Highline,MAR 26 SELECT,2026,True
BU59V2,Jetta GLI,GLI,MAR 25 FINANCE,2025,True
BU59V2,Jetta GLI,GLI,MAR 25 LEASE,2025,True
BU59V2,Jetta GLI,GLI,MAR 25 SELECT,2025,True
BU59V2,Jetta GLI,GLI,MAR 26 FINANCE,2026,True
BU59V2,Jetta GLI,GLI,MAR 26 LEASE,2026,True
BU59V2,Jetta GLI,GLI,MAR 26 SELECT,2026,True
CA33PR,Atlas,Comfortline,MAR 25 FINANCE,2025,True
CA33PR,Atlas,Comfortline,MAR 25 LEASE,2025,True
CA33PR,Atlas,Comfortline,MAR 25 SELECT,2025,True
CA33PR,Atlas,Comfortline,MAR 26 FINANCE,2026,True
CA33PR,Atlas,Comfortline,MAR 26 LEASE,2026,True
CA33PR,Atlas,Comfortline,MAR 26 SELECT,2026,True
CA34PR,Atlas,Highline,MAR 25 FINANCE,2025,True
CA34PR,Atlas,Highline,MAR 25 LEASE,2025,True
CA34PR,Atlas,Highline,MAR 25 SELECT,2025,True
CA34PR,Atlas,Highline,MAR 26 FINANCE,2026,True
CA34PR,Atlas,Highline,MAR 26 LEASE,2026,True
CA34PR,Atlas,Highline,MAR 26 SELECT,2026,True
CA35PR,Atlas,Execline,MAR 25 FINANCE,2025,True
CA35PR,Atlas,Execline,MAR 25 LEASE,2025,True
CA35PR,Atlas,Execline,MAR 25 SELECT,2025,True
CA35PR,Atlas,Execline,MAR 26 FINANCE,2026,True
CA35PR,Atlas,Execline,MAR 26 LEASE,2026,True
CA35PR,Atlas,Execline,MAR 26 SELECT,2026,True
CA37PR,Atlas,Peak Edition,MAR 25 FINANCE,2025,True
CA37PR,Atlas,Peak Edition,MAR 25 LEASE,2025,True
CA37PR,Atlas,Peak Edition,MAR 25 SELECT,2025,True
CA37PR,Atlas,Peak Edition,MAR 26 FINANCE,2026,True
CA37PR,Atlas,Peak Edition,MAR 26 LEASE,2026,True
CA37PR,Atlas,Peak Edition,MAR 26 SELECT,2026,True
CL22SZ,Taos,Trendline,MAR 25 FINANCE,2025,True
CL22SZ,Taos,Trendline,MAR 25 LEASE,2025,True
CL22SZ,Taos,Trendline,MAR 25 SELECT,2025,True
CL22SZ,Taos,Trendline,MAR 26 FINANCE,2026,True
CL22SZ,Taos,Trendline,MAR 26 LEASE,2026,True
CL22SZ,Taos,Trendline,MAR 26 SELECT,2026,True
CL23SR,Taos,Comfortline,MAR 25 FINANCE,2025,True
CL23SR,Taos,Comfortline,MAR 25 LEASE,2025,True
CL23SR,Taos,Comfortline,MAR 25 SELECT,2025,True
CL23SR,Taos,Comfortline,MAR 26 FINANCE,2026,True
CL23SR,Taos,Comfortline,MAR 26 LEASE,2026,True
CL23SR,Taos,Comfortline,MAR 26 SELECT,2026,True
CL24SR,Taos,Highline,MAR 25 FINANCE,2025,True
CL24SR,Taos,Highline,MAR 25 LEASE,2025,True
CL24SR,Taos,Highline,MAR 25 SELECT,2025,True
CL24SR,Taos,Highline,MAR 26 FINANCE,2026,True
CL24SR,Taos,Highline,MAR 26 LEASE,2026,True
CL24SR,Taos,Highline,MAR 26 SELECT,2026,True
CL26SR,Taos,Comfortline Black,MAR 25 FINANCE,2025,True
CL26SR,Taos,Comfortline Black,MAR 25 LEASE,2025,True
CL26SR,Taos,Comfortline Black,MAR 25 SELECT,2025,True
CL26SR,Taos,Comfortline Black,MAR 26 FINANCE,2026,True
CL26SR,Taos,Comfortline Black,MAR 26 LEASE,2026,True
CL26SR,Taos,Comfortline Black,MAR 26 SELECT,2026,True
CMD3PR,Atlas Cross Sport,Comfortline,MAR 25 FINANCE,2025,True
CMD3PR,Atlas Cross Sport,Comfortline,MAR 25 LEASE,2025,True
CMD3PR,Atlas Cross Sport,Comfortline,MAR 25 SELECT,2025,True
CMD3PR,Atlas Cross Sport,Comfortline,MAR 26 FINANCE,2026,True
CMD3PR,Atlas Cross Sport,Comfortline,MAR 26 LEASE,2026,True
CMD3PR,Atlas Cross Sport,Comfortline,MAR 26 SELECT,2026,True
CMD4PR,Atlas Cross Sport,Highline,MAR 25 FINANCE,2025,True
CMD4PR,Atlas Cross Sport,Highline,MAR 25 LEASE,2025,True
CMD4PR,Atlas Cross Sport,Highline,MAR 25 SELECT,2025,True
CMD4PR,Atlas Cross Sport,Highline,MAR 26 FINANCE,2026,True
CMD4PR,Atlas Cross Sport,Highline,MAR 26 LEASE,2026,True
CMD4PR,Atlas Cross Sport,Highline,MAR 26 SELECT,2026,True
CMD5PR,Atlas Cross Sport,Execline,MAR 25 FINANCE,2025,True
CMD5PR,Atlas Cross Sport,Execline,MAR 25 LEASE,2025,True
CMD5PR,Atlas Cross Sport,Execline,MAR 25 SELECT,2025,True
CMD5PR,Atlas Cross Sport,Execline,MAR 26 FINANCE,2026,True
CMD5PR,Atlas Cross Sport,Execline,MAR 26 LEASE,2026,True
CMD5PR,Atlas Cross Sport,Execline,MAR 26 SELECT,2026,True
CMD7PR,Atlas Cross Sport,Comfortline R-Line Black,MAR 25 FINANCE,2025,True
CMD7PR,Atlas Cross Sport,Comfortline R-Line Black,MAR 25 LEASE,2025,True
CMD7PR,Atlas Cross Sport,Comfortline R-Line Black,MAR 25 SELECT,2025,True
DA19UZ,Golf GTI,GTI,MAR 25 FINANCE,2025,True
DA19UZ,Golf GTI,GTI,MAR 25 LEASE,2025,True
DA19UZ,Golf GTI,GTI,MAR 25 SELECT,2025,True
DA19UZ,Golf GTI,GTI,MAR 26 FINANCE,2026,True
DA19UZ,Golf GTI,GTI,MAR 26 LEASE,2026,True
DA19UZ,Golf GTI,GTI,MAR 26 SELECT,2026,True
DA1AUZ,Golf GTI,GTI Autobahn,MAR 25 FINANCE,2025,True
DA1AUZ,Golf GTI,GTI Autobahn,MAR 25 LEASE,2025,True
DA1AUZ,Golf GTI,GTI Autobahn,MAR 25 SELECT,2025,True
DA1AUZ,Golf GTI,GTI Autobahn,MAR 26 FINANCE,2026,True
DA1AUZ,Golf GTI,GTI Autobahn,MAR 26 LEASE,2026,True
DA1AUZ,Golf GTI,GTI Autobahn,MAR 26 SELECT,2026,True
DA1BPT,Golf R,Golf R Black,MAR 25 FINANCE,2025,True
DA1BPT,Golf R,Golf R Black,MAR 25 LEASE,2025,True
DA1BPT,Golf R,Golf R Black,MAR 25 SELECT,2025,True
DA1BPT,Golf R,Golf R Black,MAR 26 FINANCE,2026,True
DA1BPT,Golf R,Golf R Black,MAR 26 LEASE,2026,True
DA1BPT,Golf R,Golf R Black,MAR 26 SELECT,2026,True
DA1RPT,Golf R,Golf R,MAR 25 FINANCE,2025,True
DA1RPT,Golf R,Golf R,MAR 25 LEASE,2025,True
DA1RPT,Golf R,Golf R,MAR 25 SELECT,2025,True
DA1RPT,Golf R,Golf R,MAR 26 FINANCE,2026,True
DA1RPT,Golf R,Golf R,MAR 26 LEASE,2026,True
DA1RPT,Golf R,Golf R,MAR 26 SELECT,2026,True
E812MJ,ID.4,ID.4,MAR 25 FINANCE,2025,True
E812MJ,ID.4,ID.4,MAR 25 LEASE,2025,True
E812MJ,ID.4,ID.4,MAR 25 SELECT,2025,True
E813RN,ID.4,ID.4 PRO,MAR 25 FINANCE,2025,True
E813RN,ID.4,ID.4 PRO,MAR 25 LEASE,2025,True
E813RN,ID.4,ID.4 PRO,MAR 25 SELECT,2025,True
E813RS,ID.4,ID.4 PRO S,MAR 25 FINANCE,2025,True
E813RS,ID.4,ID.4 PRO S,MAR 25 LEASE,2025,True
E813RS,ID.4,ID.4 PRO S,MAR 25 SELECT,2025,True
E813VN,ID.4,ID.4 PRO AWD,MAR 25 FINANCE,2025,True
E813VN,ID.4,ID.4 PRO AWD,MAR 25 LEASE,2025,True
E813VN,ID.4,ID.4 PRO AWD,MAR 25 SELECT,2025,True
E813VS,ID.4,ID.4 PRO S AWD,MAR 25 FINANCE,2025,True
E813VS,ID.4,ID.4 PRO S AWD,MAR 25 LEASE,2025,True
E813VS,ID.4,ID.4 PRO S AWD,MAR 25 SELECT,2025,True
EBJR5S,ID.Buzz,ID.Buzz 1st Edition 4MOTION,MAR 25 FINANCE,2025,True
EBJR5S,ID.Buzz,ID.Buzz 1st Edition 4MOTION,MAR 25 LEASE,2025,True
EBJR5S,ID.Buzz,ID.Buzz 1st Edition 4MOTION,MAR 25 SELECT,2025,True
EBJR7S,ID.Buzz,ID.Buzz 1st Edition,MAR 25 FINANCE,2025,True
EBJR7S,ID.Buzz,ID.Buzz 1st Edition,MAR 25 LEASE,2025,True
EBJR7S,ID.Buzz,ID.Buzz 1st Edition,MAR 25 SELECT,2025,True
RM12PJ,Tiguan,Trendline,MAR 25 FINANCE,2025,True
RM12PJ,Tiguan,Trendline,MAR 25 LEASE,2025,True
RM12PJ,Tiguan,Trendline,MAR 25 SELECT,2025,True
RM12PJ,Tiguan,Trendline,MAR 26 FINANCE,2026,True
RM12PJ,Tiguan,Trendline,MAR 26 LEASE,2026,True
RM12PJ,Tiguan,Trendline,MAR 26 SELECT,2026,True
RM13PJ,Tiguan,Comfortline,MAR 25 FINANCE,2025,True
RM13PJ,Tiguan,Comfortline,MAR 25 LEASE,2025,True
RM13PJ,Tiguan,Comfortline,MAR 25 SELECT,2025,True
RM13PJ,Tiguan,Comfortline,MAR 26 FINANCE,2026,True
RM13PJ,Tiguan,Comfortline,MAR 26 LEASE,2026,True
RM13PJ,Tiguan,Comfortline,MAR 26 SELECT,2026,True
RM14PJ,Tiguan,Highline R-Line,MAR 25 FINANCE,2025,True
RM14PJ,Tiguan,Highline R-Line,MAR 25 LEASE,2025,True
RM14PJ,Tiguan,Highline R-Line,MAR 25 SELECT,2025,True
RM14QJ,Tiguan,Highline R-Line,MAR 26 FINANCE,2026,True
RM14QJ,Tiguan,Highline R-Line,MAR 26 LEASE,2026,True
RM14QJ,Tiguan,Highline R-Line,MAR 26 SELECT,2026,True
RM1VPJ,Tiguan,Comfortline R-Line Black,MAR 25 FINANCE,2025,True
RM1VPJ,Tiguan,Comfortline R-Line Black,MAR 25 LEASE,2025,True
RM1VPJ,Tiguan,Comfortline R-Line Black,MAR 25 SELECT,2025,True
RM1VPJ,Tiguan,Comfortline R-Line Black,MAR 26 FINANCE,2026,True
RM1VPJ,Tiguan,Comfortline R-Line Black,MAR 26 LEASE,2026,True
RM1VPJ,Tiguan,Comfortline R-Line Black,MAR 26 SELECT,2026,True
